Traffik,Bandwith,Throughput,Link Utilization,Delay,Jitter,Packet Loss,Kongesti Label
400,1000,412,0.412,27.556846,0.251,0,tidak kongesti
400,1000,400,0.4,28.819404,0.179,0,tidak kongesti
400,1000,400,0.4,29.531998,0.236,0,tidak kongesti
400,1000,400,0.4,29.201158,0.312,0,tidak kongesti
400,1000,400,0.4,30.066355,0.266,0,tidak kongesti
400,1000,400,0.4,30.436515,0.171,0,tidak kongesti
400,1000,400,0.4,27.727572,0.214,0,tidak kongesti
400,1000,400,0.4,29.148008,0.196,0,tidak kongesti
400,1000,412,0.412,29.497985,0.187,0,tidak kongesti
400,1000,412,0.412,29.962646,0.181,0,tidak kongesti
400,1000,400,0.4,29.333857,0.265,0,tidak kongesti
400,1000,400,0.4,29.060846,0.211,0,tidak kongesti
400,1000,400,0.4,29.331064,0.175,0,tidak kongesti
400,1000,400,0.4,30.050923,0.197,0,tidak kongesti
400,1000,400,0.4,29.101843,0.187,0,tidak kongesti
400,1000,400,0.4,29.166726,0.136,0,tidak kongesti
400,1000,400,0.4,29.587871,0.206,0,tidak kongesti
400,1000,400,0.4,29.559445,0.156,0,tidak kongesti
400,1000,400,0.4,28.772122,0.119,0,tidak kongesti
400,1000,400,0.4,29.908234,0.156,0,tidak kongesti
400,1000,400,0.4,29.627471,0.194,0,tidak kongesti
400,1000,400,0.4,29.096676,0.147,0,tidak kongesti
400,1000,400,0.4,29.532137,0.189,0,tidak kongesti
400,1000,400,0.4,28.935271,0.197,0,tidak kongesti
400,1000,400,0.4,29.810386,0.221,0,tidak kongesti
400,1000,400,0.4,29.142771,0.138,0,tidak kongesti
400,1000,400,0.4,29.602118,0.154,0,tidak kongesti
400,1000,400,0.4,29.142778,0.141,0,tidak kongesti
400,1000,400,0.4,29.894196,0.289,0,tidak kongesti
400,1000,412,0.412,29.121197,0.226,0,tidak kongesti
400,1000,400,0.4,29.535419,0.221,0,tidak kongesti
400,1000,400,0.4,29.473051,0.134,0,tidak kongesti
400,1000,400,0.4,29.182162,0.159,0,tidak kongesti
400,1000,400,0.4,29.414663,0.142,0,tidak kongesti
400,1000,400,0.4,29.436524,0.154,0,tidak kongesti
400,1000,400,0.4,29.593528,0.205,0,tidak kongesti
400,1000,400,0.4,28.799709,0.179,0,tidak kongesti
400,1000,400,0.4,29.640321,0.171,0,tidak kongesti
400,1000,412,0.412,29.719033,0.195,0,tidak kongesti
400,1000,400,0.4,29.451749,0.153,0,tidak kongesti
400,1000,400,0.4,29.602608,0.182,0,tidak kongesti
400,1000,400,0.4,28.487835,0.183,0,tidak kongesti
400,1000,400,0.4,29.658975,0.216,0,tidak kongesti
400,1000,400,0.4,29.798512,0.257,0,tidak kongesti
400,1000,400,0.4,29.165268,0.149,0,tidak kongesti
400,1000,400,0.4,29.070415,0.171,0,tidak kongesti
400,1000,400,0.4,29.560283,0.218,0,tidak kongesti
400,1000,400,0.4,29.449375,0.217,0,tidak kongesti
400,1000,400,0.4,29.679223,0.194,0,tidak kongesti
400,1000,400,0.4,28.955666,0.168,0,tidak kongesti
400,1000,412,0.412,29.746201,0.203,0,tidak kongesti
400,1000,412,0.412,29.284828,0.182,0,tidak kongesti
400,1000,400,0.4,29.663312,0.156,0,tidak kongesti
400,1000,400,0.4,28.776172,0.254,0,tidak kongesti
400,1000,400,0.4,29.441064,0.121,0,tidak kongesti
400,1000,400,0.4,29.744106,0.138,0,tidak kongesti
400,1000,400,0.4,29.552252,0.191,0,tidak kongesti
400,1000,400,0.4,29.145843,0.182,0,tidak kongesti
400,1000,400,0.4,29.547782,0.094,0,tidak kongesti
400,1000,400,0.4,29.531718,0.194,0,tidak kongesti
800,1000,800,0.8,18.778984,0.193,0,tidak kongesti
800,1000,811,0.811,14.871698,0.183,0,kongesti
800,1000,811,0.811,14.881478,0.247,0,kongesti
800,1000,800,0.8,15.206174,0.231,0,tidak kongesti
800,1000,800,0.8,14.155477,0.178,0,tidak kongesti
800,1000,800,0.8,15.183823,0.231,0,tidak kongesti
800,1000,800,0.8,14.714488,0.209,0,tidak kongesti
800,1000,800,0.8,14.313878,0.188,0,tidak kongesti
800,1000,811,0.811,14.879803,0.129,0,kongesti
800,1000,800,0.8,14.729643,0.223,0,tidak kongesti
800,1000,800,0.8,14.968781,0.149,0,tidak kongesti
800,1000,800,0.8,14.848584,0.204,0,tidak kongesti
800,1000,800,0.8,14.526415,0.185,0,tidak kongesti
800,1000,800,0.8,14.606513,0.145,0,tidak kongesti
800,1000,811,0.811,14.757511,0.139,0,kongesti
800,1000,800,0.8,14.512367,0.321,0,tidak kongesti
800,1000,800,0.8,14.763796,0.198,0,tidak kongesti
800,1000,800,0.8,14.833847,0.161,0,tidak kongesti
800,1000,800,0.8,14.498678,0.142,0,tidak kongesti
800,1000,800,0.8,15.014667,0.168,0,tidak kongesti
800,1000,800,0.8,14.634031,0.142,0,tidak kongesti
800,1000,800,0.8,14.357318,0.199,0,tidak kongesti
800,1000,800,0.8,14.181073,0.204,0,tidak kongesti
800,1000,800,0.8,14.991479,0.246,0,tidak kongesti
800,1000,800,0.8,18.085738,0.177,0,tidak kongesti
800,1000,800,0.8,11.194267,0.194,0,tidak kongesti
800,1000,800,0.8,14.861504,0.206,0,tidak kongesti
800,1000,811,0.811,14.499796,0.185,0,kongesti
800,1000,800,0.8,15.008101,0.285,0,tidak kongesti
800,1000,800,0.8,14.199268,0.167,0,tidak kongesti
800,1000,800,0.8,15.304509,0.225,0,tidak kongesti
800,1000,800,0.8,14.177267,0.229,0,tidak kongesti
800,1000,811,0.811,14.662526,0.176,0,kongesti
800,1000,800,0.8,14.802279,0.269,0,tidak kongesti
800,1000,800,0.8,15.465773,0.222,0,tidak kongesti
800,1000,800,0.8,13.571462,0.237,0,tidak kongesti
800,1000,800,0.8,15.651117,0.237,0,tidak kongesti
800,1000,800,0.8,14.137039,0.167,0,tidak kongesti
800,1000,800,0.8,14.674818,0.183,0,tidak kongesti
800,1000,800,0.8,15.272801,0.208,0,tidak kongesti
800,1000,800,0.8,14.034302,0.197,0,tidak kongesti
800,1000,811,0.811,14.636266,0.147,0,kongesti
800,1000,811,0.811,15.357449,0.194,0,kongesti
800,1000,800,0.8,14.409001,0.166,0,tidak kongesti
800,1000,800,0.8,14.812126,0.096,0,tidak kongesti
800,1000,811,0.811,14.618317,0.193,0,kongesti
800,1000,800,0.8,14.901943,0.252,0,tidak kongesti
800,1000,800,0.8,14.941612,0.233,0,tidak kongesti
800,1000,800,0.8,13.941273,0.204,0,tidak kongesti
800,1000,800,0.8,14.865346,0.176,0,tidak kongesti
800,1000,800,0.8,15.025073,0.182,0,tidak kongesti
800,1000,800,0.8,14.200664,0.226,0,tidak kongesti
800,1000,800,0.8,15.100482,0.177,0,tidak kongesti
800,1000,800,0.8,14.997136,0.225,0,tidak kongesti
800,1000,800,0.8,14.265338,0.225,0,tidak kongesti
800,1000,800,0.8,14.780698,0.195,0,tidak kongesti
800,1000,800,0.8,14.958374,0.193,0,tidak kongesti
800,1000,811,0.811,14.333922,0.224,0,kongesti
800,1000,800,0.8,15.231296,0.123,0,tidak kongesti
800,1000,800,0.8,13.937222,0.228,0,tidak kongesti
1200,1000,988,0.988,11.892183,2.288,10,kongesti berat
1200,1000,976,0.976,11.983237,2.286,11,kongesti berat
1200,1000,964,0.964,11.653891,2.374,11,kongesti berat
1200,1000,976,0.976,11.956089,2.608,11,kongesti berat
1200,1000,976,0.976,12.098776,2.292,11,kongesti berat
1200,1000,964,0.964,12.253753,2.295,11,kongesti berat
1200,1000,976,0.976,11.292466,2.292,11,kongesti berat
1200,1000,964,0.964,12.247538,2.295,11,kongesti berat
1200,1000,976,0.976,12.039061,2.295,11,kongesti berat
1200,1000,976,0.976,11.299974,2.293,10,kongesti berat
1200,1000,964,0.964,12.092489,2.296,10,kongesti berat
1200,1000,976,0.976,12.249424,2.287,10,kongesti berat
1200,1000,976,0.976,11.494659,2.297,10,kongesti berat
1200,1000,964,0.964,12.210555,2.292,8.5,kongesti berat
1200,1000,976,0.976,12.234268,2.294,8.6,kongesti berat
1200,1000,964,0.964,11.962026,2.297,11,kongesti berat
1200,1000,976,0.976,12.077892,2.306,11,kongesti berat
1200,1000,976,0.976,12.100801,2.297,11,kongesti berat
1200,1000,964,0.964,12.261017,2.289,10,kongesti berat
1200,1000,976,0.976,11.931016,2.314,10,kongesti berat
1200,1000,964,0.964,12.094026,2.292,10,kongesti berat
1200,1000,976,0.976,12.216528,2.293,10.5,kongesti berat
1200,1000,976,0.976,11.979277,2.315,11,kongesti berat
1200,1000,964,0.964,12.091511,2.297,11,kongesti berat
1200,1000,976,0.976,12.310143,2.296,9.7,kongesti berat
1200,1000,964,0.964,12.187823,2.348,9.5,kongesti berat
1200,1000,976,0.976,11.997645,2.295,11,kongesti berat
1200,1000,976,0.976,12.209221,2.308,11,kongesti berat
1200,1000,964,0.964,12.102616,2.385,8.9,kongesti berat
1200,1000,976,0.976,12.310122,2.289,11,kongesti berat
1200,1000,976,0.976,12.086343,2.294,11,kongesti berat
1200,1000,964,0.964,12.253335,2.302,11.2,kongesti berat
1200,1000,976,0.976,12.094864,2.304,11,kongesti berat
1200,1000,964,0.964,12.097797,2.292,11,kongesti berat
1200,1000,976,0.976,11.946521,2.296,11,kongesti berat
1200,1000,976,0.976,12.223233,2.303,11.4,kongesti berat
1200,1000,964,0.964,12.071956,2.291,11,kongesti berat
1200,1000,976,0.976,12.000928,2.291,10,kongesti berat
1200,1000,964,0.964,12.109221,2.309,10,kongesti berat
1200,1000,976,0.976,12.098077,2.304,10.9,kongesti berat
1200,1000,976,0.976,12.318901,2.306,10.6,kongesti berat
1200,1000,964,0.964,11.996877,2.303,11,kongesti berat
1200,1000,976,0.976,12.092978,2.537,11,kongesti berat
1200,1000,964,0.964,12.244395,2.306,10,kongesti berat
1200,1000,976,0.976,11.946381,2.531,11,kongesti berat
1200,1000,964,0.964,12.099962,2.293,11,kongesti berat
1200,1000,976,0.976,12.089836,2.312,11,kongesti berat
1200,1000,976,0.976,12.254731,2.305,11,kongesti berat
1200,1000,964,0.964,12.106458,2.285,11,kongesti berat
1200,1000,976,0.976,11.928781,2.297,11,kongesti berat
1200,1000,964,0.964,12.095423,2.307,11,kongesti berat
1200,1000,976,0.976,12.097239,2.295,10,kongesti berat
1200,1000,976,0.976,12.102407,2.297,11,kongesti berat
1200,1000,964,0.964,12.091232,2.334,9,kongesti berat
1200,1000,976,0.976,12.092909,2.294,8.7,kongesti berat
1200,1000,976,0.976,12.096959,2.288,10,kongesti berat
1200,1000,964,0.964,12.243836,2.347,11,kongesti berat
1200,1000,976,0.976,12.044509,2.307,10.3,kongesti berat
1200,1000,964,0.964,11.999746,2.287,11,kongesti berat
1200,1000,976,0.976,12.258782,2.387,11,kongesti berat
1600,1000,976,0.976,12.599283,4.767,27,kongesti berat
1600,1000,964,0.964,12.012384,4.749,27,kongesti berat
1600,1000,976,0.976,12.847212,4.751,27,kongesti berat
1600,1000,976,0.976,12.097163,4.757,27,kongesti berat
1600,1000,964,0.964,12.097861,4.742,27,kongesti berat
1600,1000,976,0.976,12.096535,4.736,27,kongesti berat
1600,1000,964,0.964,12.097861,4.768,28,kongesti berat
1600,1000,976,0.976,12.095347,4.746,29,kongesti berat
1600,1000,976,0.976,12.101912,4.751,33,kongesti berat
1600,1000,964,0.964,12.238243,4.756,27,kongesti berat
1600,1000,976,0.976,12.080051,4.774,27,kongesti berat
1600,1000,964,0.964,12.113576,4.748,27,kongesti berat
1600,1000,976,0.976,11.951404,4.767,34,kongesti berat
1600,1000,976,0.976,12.423936,4.754,36,kongesti berat
1600,1000,964,0.964,12.509849,4.744,32,kongesti berat
1600,1000,976,0.976,11.945048,4.778,31,kongesti berat
1600,1000,964,0.964,12.094718,4.737,27,kongesti berat
1600,1000,976,0.976,12.096046,4.753,30,kongesti berat
1600,1000,976,0.976,12.126985,4.836,28,kongesti berat
1600,1000,964,0.964,12.154433,4.741,30,kongesti berat
1600,1000,976,0.976,12.011188,4.749,28,kongesti berat
1600,1000,964,0.964,12.239011,4.885,34,kongesti berat
1600,1000,976,0.976,12.101283,4.758,29,kongesti berat
1600,1000,976,0.976,11.947144,4.741,34,kongesti berat
1600,1000,964,0.964,12.237474,4.746,33,kongesti berat
1600,1000,976,0.976,11.950356,4.739,30,kongesti berat
1600,1000,976,0.976,12.167424,4.752,33,kongesti berat
1600,1000,964,0.964,12.021175,4.757,31,kongesti berat
1600,1000,976,0.976,12.416897,4.751,34,kongesti berat
1600,1000,964,0.964,11.924655,4.754,29,kongesti berat
1600,1000,976,0.976,11.952941,4.744,31,kongesti berat
1600,1000,976,0.976,12.240967,4.778,27,kongesti berat
1600,1000,964,0.964,12.104356,4.737,30,kongesti berat
1600,1000,976,0.976,11.941766,4.753,28,kongesti berat
1600,1000,964,0.964,12.102611,4.754,30,kongesti berat
1600,1000,976,0.976,12.086477,4.744,28,kongesti berat
1600,1000,976,0.976,12.298516,4.778,34,kongesti berat
1600,1000,964,0.964,11.906705,4.737,29,kongesti berat
1600,1000,976,0.976,12.243131,4.753,34,kongesti berat
1600,1000,976,0.976,11.964534,4.836,27,kongesti berat
1600,1000,964,0.964,12.073836,4.741,27,kongesti berat
1600,1000,976,0.976,12.093322,4.749,28,kongesti berat
1600,1000,964,0.964,12.094858,4.885,27,kongesti berat
1600,1000,976,0.976,12.245017,4.758,27,kongesti berat
1600,1000,976,0.976,12.052605,4.741,29,kongesti berat
1600,1000,964,0.964,11.991283,4.746,29,kongesti berat
1600,1000,976,0.976,12.241106,4.739,29,kongesti berat
1600,1000,964,0.964,12.088153,4.752,29,kongesti berat
1600,1000,976,0.976,11.962998,4.757,29,kongesti berat
1600,1000,976,0.976,12.240687,4.751,30,kongesti berat
1600,1000,964,0.964,11.945188,4.754,30,kongesti berat
1600,1000,976,0.976,12.125242,4.749,27,kongesti berat
1600,1000,964,0.964,11.947423,4.885,27,kongesti berat
1600,1000,976,0.976,12.208983,4.758,34,kongesti berat
1600,1000,976,0.976,12.093461,4.741,34,kongesti berat
1600,1000,964,0.964,12.246135,4.746,31,kongesti berat
1600,1000,976,0.976,11.947493,4.741,30,kongesti berat
1600,1000,976,0.976,12.237963,4.749,30,kongesti berat
1600,1000,964,0.964,12.094788,4.885,30,kongesti berat
1600,1000,976,0.976,12.109246,4.758,28,kongesti berat
2000,1000,976,0.976,11.962998,6.315,42,kongesti berat
2000,1000,976,0.976,12.240687,6.215,42,kongesti berat
2000,1000,964,0.964,11.945188,6.225,42,kongesti berat
2000,1000,976,0.976,11.393757,6.218,42,kongesti berat
2000,1000,964,0.964,12.120598,6.211,42,kongesti berat
2000,1000,976,0.976,12.113792,6.114,46,kongesti berat
2000,1000,976,0.976,12.016605,6.205,44,kongesti berat
2000,1000,964,0.964,12.096573,6.226,42,kongesti berat
2000,1000,976,0.976,12.102929,6.216,45,kongesti berat
2000,1000,976,0.976,12.092523,6.216,45,kongesti berat
2000,1000,964,0.964,12.095177,6.222,45,kongesti berat
2000,1000,976,0.976,12.096852,6.127,42,kongesti berat
2000,1000,964,0.964,12.209385,6.225,42,kongesti berat
2000,1000,976,0.976,12.096504,6.234,43,kongesti berat
2000,1000,976,0.976,12.091335,6.227,48,kongesti berat
2000,1000,964,0.964,12.109818,6.341,47,kongesti berat
2000,1000,976,0.976,12.099646,6.665,42,kongesti berat
2000,1000,964,0.964,12.092174,6.213,42,kongesti berat
2000,1000,976,0.976,12.099227,6.211,42,kongesti berat
2000,1000,964,0.964,12.091265,6.239,50,kongesti berat
2000,1000,976,0.976,12.409811,6.218,49,kongesti berat
2000,1000,976,0.976,12.098184,6.217,42,kongesti berat
2000,1000,964,0.964,12.096085,6.243,42,kongesti berat
2000,1000,976,0.976,12.095526,6.236,42,kongesti berat
2000,1000,976,0.976,12.236675,6.222,42,kongesti berat
2000,1000,964,0.964,11.951932,6.253,42,kongesti berat
2000,1000,976,0.976,12.101951,6.211,49,kongesti berat
2000,1000,964,0.964,12.092243,6.114,42,kongesti berat
2000,1000,976,0.976,12.309399,6.205,48,kongesti berat
2000,1000,976,0.976,12.092103,6.226,47,kongesti berat
2000,1000,964,0.964,12.343603,6.216,49,kongesti berat
2000,1000,976,0.976,11.857715,6.216,42,kongesti berat
2000,1000,964,0.964,12.093082,6.315,42,kongesti berat
2000,1000,976,0.976,12.754132,6.215,42,kongesti berat
2000,1000,976,0.976,11.438596,6.225,42,kongesti berat
2000,1000,964,0.964,12.309783,6.218,42,kongesti berat
2000,1000,976,0.976,12.092034,6.211,42,kongesti berat
2000,1000,976,0.976,12.095875,6.114,42,kongesti berat
2000,1000,964,0.964,12.098319,6.205,44,kongesti berat
2000,1000,976,0.976,12.309392,6.253,43,kongesti berat
2000,1000,964,0.964,12.094269,6.211,47,kongesti berat
2000,1000,976,0.976,12.101951,6.114,47,kongesti berat
2000,1000,976,0.976,12.092941,6.205,46,kongesti berat
2000,1000,964,0.964,12.095666,6.226,43,kongesti berat
2000,1000,976,0.976,12.100694,6.216,42,kongesti berat
2000,1000,964,0.964,12.089659,6.216,42,kongesti berat
2000,1000,976,0.976,12.095386,6.218,42,kongesti berat
2000,1000,976,0.976,12.096923,6.217,42,kongesti berat
2000,1000,964,0.964,12.093081,6.243,42,kongesti berat
2000,1000,976,0.976,12.102091,6.236,42,kongesti berat
2000,1000,964,0.964,12.092313,6.665,42,kongesti berat
2000,1000,976,0.976,12.096015,6.213,42,kongesti berat
2000,1000,976,0.976,12.096015,6.211,42,kongesti berat
2000,1000,964,0.964,12.309804,6.239,42,kongesti berat
2000,1000,976,0.976,12.224733,6.218,49,kongesti berat
2000,1000,976,0.976,11.396562,6.217,50,kongesti berat
2000,1000,964,0.964,12.111939,6.243,50,kongesti berat
2000,1000,976,0.976,12.083024,6.238,50,kongesti berat
2000,1000,964,0.964,12.313785,6.222,49,kongesti berat
2000,1000,976,0.976,12.137291,6.253,49,kongesti berat
400,1000,412,0.412,29.501617,0.255,0,tidak kongesti
400,1000,400,0.4,28.743137,0.179,0,tidak kongesti
400,1000,400,0.4,29.849637,0.236,0,tidak kongesti
400,1000,400,0.4,29.071183,0.312,0,tidak kongesti
400,1000,400,0.4,29.553718,0.261,0,tidak kongesti
400,1000,400,0.4,29.442514,0.178,0,tidak kongesti
400,1000,400,0.4,29.709046,0.214,0,tidak kongesti
400,1000,412,0.412,29.115323,0.196,0,tidak kongesti
400,1000,400,0.4,29.200599,0.187,0,tidak kongesti
400,1000,400,0.4,29.565382,0.181,0,tidak kongesti
400,1000,400,0.4,29.409004,0.264,0,tidak kongesti
400,1000,412,0.412,29.506715,0.215,0,tidak kongesti
400,1000,412,0.412,29.342587,0.175,0,tidak kongesti
400,1000,400,0.4,30.106234,0.197,0,tidak kongesti
400,1000,400,0.4,28.910758,0.187,0,tidak kongesti
400,1000,400,0.4,29.283082,0.132,0,tidak kongesti
400,1000,400,0.4,29.451889,0.206,0,tidak kongesti
400,1000,400,0.4,29.657293,0.156,0,tidak kongesti
400,1000,400,0.4,29.177273,0.119,0,tidak kongesti
400,1000,400,0.4,29.286644,0.156,0,tidak kongesti
400,1000,400,0.4,29.481991,0.194,0,tidak kongesti
400,1000,400,0.4,29.871427,0.147,0,tidak kongesti
400,1000,400,0.4,28.867246,0.189,0,tidak kongesti
400,1000,400,0.4,29.280009,0.194,0,tidak kongesti
400,1000,400,0.4,29.693052,0.224,0,tidak kongesti
400,1000,400,0.4,29.558328,0.138,0,tidak kongesti
400,1000,412,0.412,29.346568,0.154,0,tidak kongesti
400,1000,400,0.4,29.941409,0.141,0,tidak kongesti
400,1000,400,0.4,28.858585,0.289,0,tidak kongesti
400,1000,400,0.4,29.214708,0.226,0,tidak kongesti
400,1000,400,0.4,29.739636,0.221,0,tidak kongesti
400,1000,400,0.4,28.941068,0.139,0,tidak kongesti
400,1000,412,0.412,29.803402,0.159,0,tidak kongesti
400,1000,412,0.412,29.345171,0.142,0,tidak kongesti
400,1000,400,0.4,29.574392,0.154,0,tidak kongesti
400,1000,400,0.4,29.075443,0.205,0,tidak kongesti
400,1000,400,0.4,29.519286,0.179,0,tidak kongesti
400,1000,400,0.4,29.305505,0.171,0,tidak kongesti
400,1000,400,0.4,29.926183,0.195,0,tidak kongesti
400,1000,400,0.4,29.312249,0.153,0,tidak kongesti
400,1000,400,0.4,29.398251,0.182,0,tidak kongesti
400,1000,400,0.4,29.268136,0.183,0,tidak kongesti
400,1000,400,0.4,29.354809,0.216,0,tidak kongesti
400,1000,400,0.4,29.261502,0.234,0,tidak kongesti
400,1000,400,0.4,30.013205,0.149,0,tidak kongesti
400,1000,400,0.4,28.701163,0.176,0,tidak kongesti
400,1000,412,0.412,29.522709,0.218,0,tidak kongesti
400,1000,400,0.4,29.478778,0.217,0,tidak kongesti
400,1000,400,0.4,29.489534,0.194,0,tidak kongesti
400,1000,400,0.4,29.204231,0.168,0,tidak kongesti
400,1000,400,0.4,29.374435,0.203,0,tidak kongesti
400,1000,400,0.4,30.027733,0.182,0,tidak kongesti
400,1000,400,0.4,29.104357,0.156,0,tidak kongesti
400,1000,400,0.4,28.894624,0.254,0,tidak kongesti
400,1000,412,0.412,29.933167,0.121,0,tidak kongesti
400,1000,400,0.4,29.204301,0.138,0,tidak kongesti
400,1000,400,0.4,29.372969,0.191,0,tidak kongesti
400,1000,400,0.4,29.109805,0.182,0,tidak kongesti
400,1000,400,0.4,29.294972,0.094,0,tidak kongesti
400,1000,400,0.4,29.494702,0.194,0,tidak kongesti
800,1000,811,0.811,15.135353,0.164,0,kongesti 
800,1000,800,0.8,15.045188,0.165,0,tidak kongesti
800,1000,800,0.8,14.233769,0.195,0,tidak kongesti
800,1000,811,0.811,14.993924,0.146,0,kongesti
800,1000,800,0.8,14.277839,0.159,0,tidak kongesti
800,1000,800,0.8,14.489459,0.139,0,tidak kongesti
800,1000,800,0.8,14.709529,0.156,0,tidak kongesti
800,1000,800,0.8,14.667066,0.167,0,tidak kongesti
800,1000,800,0.8,14.895517,0.159,0,tidak kongesti
800,1000,800,0.8,14.848724,0.156,0,tidak kongesti
800,1000,800,0.8,14.253283,0.132,0,tidak kongesti
800,1000,811,0.811,15.031569,0.184,0,kongesti
800,1000,811,0.811,14.730831,0.139,0,kongesti
800,1000,800,0.8,14.814012,0.117,0,tidak kongesti
800,1000,800,0.8,14.594151,0.127,0,tidak kongesti
800,1000,800,0.8,14.400551,0.177,0,tidak kongesti
800,1000,800,0.8,14.882666,0.182,0,tidak kongesti
800,1000,800,0.8,14.665041,0.164,0,tidak kongesti
800,1000,800,0.8,14.348658,0.134,0,tidak kongesti
800,1000,800,0.8,14.199127,0.147,0,tidak kongesti
800,1000,800,0.8,15.122013,0.134,0,tidak kongesti
800,1000,800,0.8,14.362138,0.186,0,tidak kongesti
800,1000,811,0.811,14.841879,0.122,0,kongesti
800,1000,800,0.8,14.994692,0.173,0,tidak kongesti
800,1000,800,0.8,14.075439,0.166,0,tidak kongesti
800,1000,800,0.8,15.008661,0.149,0,tidak kongesti
800,1000,800,0.8,14.580602,0.201,0,tidak kongesti
800,1000,800,0.8,15.064045,0.146,0,tidak kongesti
800,1000,800,0.8,14.434633,0.268,0,tidak kongesti
800,1000,800,0.8,14.561466,0.154,0,tidak kongesti
800,1000,800,0.8,14.522913,0.147,0,tidak kongesti
800,1000,800,0.8,14.540443,0.152,0,tidak kongesti
800,1000,811,0.811,14.864228,0.126,0,kongesti
800,1000,800,0.8,14.998394,0.154,0,tidak kongesti
800,1000,800,0.8,14.839155,0.207,0,tidak kongesti
800,1000,800,0.8,14.134405,0.127,0,tidak kongesti
800,1000,800,0.8,14.997905,0.163,0,tidak kongesti
800,1000,800,0.8,14.107496,0.136,0,tidak kongesti
800,1000,800,0.8,15.318268,0.122,0,tidak kongesti
800,1000,811,0.811,14.601344,0.138,0,kongesti
800,1000,811,0.811,14.213027,0.179,0,kongesti
800,1000,800,0.8,14.624881,0.132,0,tidak kongesti
800,1000,800,0.8,14.929041,0.174,0,tidak kongesti
800,1000,800,0.8,15.203087,0.184,0,tidak kongesti
800,1000,800,0.8,14.769524,0.181,0,tidak kongesti
800,1000,811,0.811,14.407884,0.154,0,kongesti
800,1000,800,0.8,15.109162,0.153,0,tidak kongesti
800,1000,800,0.8,14.558672,0.146,0,tidak kongesti
800,1000,800,0.8,14.201712,0.216,0,tidak kongesti
800,1000,800,0.8,15.138783,0.163,0,tidak kongesti
800,1000,800,0.8,14.550011,0.161,0,tidak kongesti
800,1000,800,0.8,14.711904,0.205,0,tidak kongesti
800,1000,800,0.8,14.579135,0.153,0,tidak kongesti
800,1000,811,0.811,14.911721,0.142,0,kongesti
800,1000,800,0.8,14.575085,0.155,0,tidak kongesti
800,1000,811,0.811,14.293819,0.139,0,kongesti
800,1000,800,0.8,14.042264,0.167,0,tidak kongesti
800,1000,800,0.8,14.683827,0.169,0,tidak kongesti
800,1000,800,0.8,14.786565,0.297,0,tidak kongesti
800,1000,800,0.8,14.781885,0.123,0,tidak kongesti
1200,1000,988,0.988,11.932692,2.299,8.5,kongesti berat
1200,1000,976,0.976,12.248865,2.293,11,kongesti berat
1200,1000,976,0.976,11.947219,2.302,11,kongesti berat
1200,1000,964,0.964,12.088648,2.295,11,kongesti berat
1200,1000,976,0.976,12.253335,2.307,11,kongesti berat
1200,1000,976,0.976,12.042273,2.296,8.7,kongesti berat
1200,1000,964,0.964,12.150458,2.308,8.6,kongesti berat
1200,1000,976,0.976,12.122941,2.402,8.6,kongesti berat
1200,1000,964,0.964,11.912787,2.293,10,kongesti berat
1200,1000,976,0.976,12.248166,2.322,10,kongesti berat
1200,1000,964,0.964,11.944566,2.287,9,kongesti berat
1200,1000,976,0.976,12.121194,2.297,11,kongesti berat
1200,1000,976,0.976,12.077823,2.324,11,kongesti berat
1200,1000,964,0.964,12.239855,2.284,11,kongesti berat
1200,1000,976,0.976,11.945613,2.284,11,kongesti berat
1200,1000,964,0.964,12.195995,2.348,11,kongesti berat
1200,1000,976,0.976,12.164635,2.297,9,kongesti berat
1200,1000,976,0.976,12.085157,2.287,9,kongesti berat
1200,1000,964,0.964,12.027537,2.397,9,kongesti berat
1200,1000,976,0.976,12.002883,2.293,10,kongesti berat
1200,1000,976,0.976,12.100172,2.295,10.5,kongesti berat
1200,1000,964,0.964,12.096889,2.298,10.4,kongesti berat
1200,1000,976,0.976,12.092425,2.285,9.7,kongesti berat
1200,1000,964,0.964,12.100731,2.296,9.8,kongesti berat
1200,1000,976,0.976,12.247956,2.289,9,kongesti berat
1200,1000,976,0.976,12.088097,2.298,8.9,kongesti berat
1200,1000,964,0.964,11.946661,2.297,8.9,kongesti berat
1200,1000,976,0.976,12.196134,2.288,11,kongesti berat
1200,1000,964,0.964,12.001137,2.287,11,kongesti berat
1200,1000,976,0.976,12.174832,2.292,11,kongesti berat
1200,1000,976,0.976,12.012801,2.313,11,kongesti berat
1200,1000,964,0.964,12.103315,2.293,11,kongesti berat
1200,1000,976,0.976,12.093677,2.297,11,kongesti berat
1200,1000,976,0.976,12.117004,2.284,10,kongesti berat
1200,1000,964,0.964,12.268001,2.309,10,kongesti berat
1200,1000,976,0.976,11.898541,2.302,10,kongesti berat
1200,1000,964,0.964,12.096191,2.299,10,kongesti berat
1200,1000,976,0.976,12.254242,2.295,10,kongesti berat
1200,1000,976,0.976,11.941143,2.298,8.9,kongesti berat
1200,1000,964,0.964,12.093398,2.285,9.4,kongesti berat
1200,1000,976,0.976,12.091931,2.305,9.4,kongesti berat
1200,1000,964,0.964,12.098216,2.306,9.7,kongesti berat
1200,1000,976,0.976,12.099055,2.303,11,kongesti berat
1200,1000,976,0.976,12.252566,2.317,11,kongesti berat
1200,1000,964,0.964,11.977664,2.287,11,kongesti berat
1200,1000,976,0.976,12.060433,2.285,11,kongesti berat
1200,1000,964,0.964,12.250541,2.343,11,kongesti berat
1200,1000,976,0.976,11.941981,2.301,11,kongesti berat
1200,1000,976,0.976,12.253334,2.297,11,kongesti berat
1200,1000,964,0.964,12.086274,2.388,11,kongesti berat
1200,1000,976,0.976,11.943797,2.305,11,kongesti berat
1200,1000,976,0.976,12.252706,2.277,11,kongesti berat
1200,1000,964,0.964,11.938629,2.298,11,kongesti berat
1200,1000,964,0.964,12.094934,2.323,11,kongesti berat
1200,1000,976,0.976,12.099823,2.299,11,kongesti berat
1200,1000,964,0.964,12.094794,2.291,11,kongesti berat
1200,1000,976,0.976,12.245582,2.305,11,kongesti berat
1200,1000,964,0.964,12.120147,2.496,11,kongesti berat
1200,1000,976,0.976,11.928222,2.304,9.7,kongesti berat
1200,1000,964,0.964,12.093747,2.291,9.8,kongesti berat
1600,1000,976,0.976,11.941067,4.737,27,kongesti berat
1600,1000,976,0.976,12.087595,4.737,27,kongesti berat
1600,1000,964,0.964,12.104077,4.866,27,kongesti berat
1600,1000,976,0.976,12.096325,4.745,27,kongesti berat
1600,1000,964,0.964,12.164141,4.744,28,kongesti berat
1600,1000,976,0.976,12.199201,4.736,30,kongesti berat
1600,1000,976,0.976,11.931639,4.747,31,kongesti berat
1600,1000,964,0.964,12.094718,4.738,32,kongesti berat
1600,1000,976,0.976,12.083544,4.746,27,kongesti berat
1600,1000,964,0.964,12.106242,4.757,28,kongesti berat
1600,1000,976,0.976,12.094439,4.764,27,kongesti berat
1600,1000,976,0.976,12.137881,4.746,27,kongesti berat
1600,1000,964,0.964,12.267785,4.742,27,kongesti berat
1600,1000,976,0.976,11.899652,4.754,27,kongesti berat
1600,1000,976,0.976,12.081658,4.747,30,kongesti berat
1600,1000,964,0.964,12.248024,4.774,31,kongesti berat
1600,1000,976,0.976,12.089621,4.743,30,kongesti berat
1600,1000,964,0.964,11.946515,4.737,34,kongesti berat
1600,1000,976,0.976,12.098351,4.756,34,kongesti berat
1600,1000,964,0.964,12.257588,4.753,27,kongesti berat
1600,1000,976,0.976,11.927798,4.736,27,kongesti berat
1600,1000,976,0.976,12.117067,4.769,27,kongesti berat
1600,1000,964,0.964,12.096814,4.745,27,kongesti berat
1600,1000,976,0.976,12.077188,4.738,30,kongesti berat
1600,1000,964,0.964,12.092484,4.774,30,kongesti berat
1600,1000,976,0.976,12.102825,4.017,29,kongesti berat
1600,1000,964,0.964,12.101074,4.746,27,kongesti berat
1600,1000,976,0.976,12.085709,4.757,27,kongesti berat
1600,1000,964,0.964,12.250395,4.764,31,kongesti berat
1600,1000,976,0.976,12.089969,4.746,31,kongesti berat
1600,1000,976,0.976,12.095836,4.742,27,kongesti berat
1600,1000,964,0.964,12.095138,4.754,27,kongesti berat
1600,1000,976,0.976,12.114134,4.747,27,kongesti berat
1600,1000,964,0.964,11.937017,4.774,27,kongesti berat
1600,1000,976,0.976,12.244319,4.738,29,kongesti berat
1600,1000,976,0.976,11.944077,4.774,29,kongesti berat
1600,1000,964,0.964,12.100306,4.017,29,kongesti berat
1600,1000,976,0.976,12.123703,4.746,31,kongesti berat
1600,1000,976,0.976,12.114623,4.757,31,kongesti berat
1600,1000,964,0.964,12.198573,4.764,34,kongesti berat
1600,1000,976,0.976,12.085778,4.764,27,kongesti berat
1600,1000,964,0.964,11.953499,4.746,27,kongesti berat
1600,1000,976,0.976,12.107434,4.742,27,kongesti berat
1600,1000,964,0.964,12.080471,4.754,31,kongesti berat
1600,1000,976,0.976,12.104915,4.748,27,kongesti berat
1600,1000,976,0.976,12.141163,4.723,27,kongesti berat
1600,1000,964,0.964,12.047506,4.626,27,kongesti berat
1600,1000,976,0.976,12.090528,4.736,30,kongesti berat
1600,1000,964,0.964,12.094858,4.756,30,kongesti berat
1600,1000,976,0.976,12.099957,4.759,28,kongesti berat
1600,1000,976,0.976,12.092483,4.748,28,kongesti berat
1600,1000,964,0.964,12.244186,4.736,27,kongesti berat
1600,1000,976,0.976,12.085569,4.749,27,kongesti berat
1600,1000,976,0.976,11.959785,4.757,31,kongesti berat
1600,1000,964,0.964,12.103099,4.803,28,kongesti berat
1600,1000,976,0.976,12.244389,4.784,27,kongesti berat
1600,1000,964,0.964,11.962718,4.756,27,kongesti berat
1600,1000,976,0.976,12.076281,4.757,27,kongesti berat
1600,1000,976,0.976,12.098288,4.739,27,kongesti berat
1600,1000,976,0.976,12.252071,4.743,27,kongesti berat
2000,1000,976,0.976,12.014579,6.207,42,kongesti berat
2000,1000,964,0.964,12.148606,6.217,48,kongesti berat
2000,1000,976,0.976,12.046636,6.253,42,kongesti berat
2000,1000,976,0.976,12.095526,6.206,46,kongesti berat
2000,1000,964,0.964,12.088751,6.218,42,kongesti berat
2000,1000,976,0.976,12.437471,6.269,42,kongesti berat
2000,1000,964,0.964,11.755257,6.167,42,kongesti berat
2000,1000,976,0.976,12.095177,6.218,42,kongesti berat
2000,1000,976,0.976,12.092313,6.301,42,kongesti berat
2000,1000,964,0.964,12.242822,6.207,42,kongesti berat
2000,1000,976,0.976,11.957309,6.228,42,kongesti berat
2000,1000,976,0.976,12.091964,6.218,42,kongesti berat
2000,1000,964,0.964,12.254275,6.225,42,kongesti berat
2000,1000,976,0.976,11.990275,6.222,42,kongesti berat
2000,1000,964,0.964,12.042865,6.206,47,kongesti berat
2000,1000,976,0.976,12.095596,6.212,47,kongesti berat
2000,1000,976,0.976,12.101951,6.207,42,kongesti berat
2000,1000,964,0.964,12.090567,6.215,42,kongesti berat
2000,1000,976,0.976,12.244358,6.211,46,kongesti berat
2000,1000,964,0.964,11.945018,6.207,47,kongesti berat
2000,1000,976,0.976,12.117945,6.216,42,kongesti berat
2000,1000,976,0.976,12.078624,6.218,42,kongesti berat
2000,1000,964,0.964,12.093081,6.167,42,kongesti berat
2000,1000,976,0.976,12.097272,6.218,42,kongesti berat
2000,1000,964,0.964,12.095037,6.301,42,kongesti berat
2000,1000,976,0.976,12.098181,6.207,42,kongesti berat
2000,1000,976,0.976,12.097621,6.228,42,kongesti berat
2000,1000,964,0.964,12.180104,6.167,42,kongesti berat
2000,1000,976,0.976,12.091754,6.218,50,kongesti berat
2000,1000,976,0.976,12.012763,6.301,48,kongesti berat
2000,1000,964,0.964,12.094479,6.207,47,kongesti berat
2000,1000,976,0.976,12.100484,6.228,47,kongesti berat
2000,1000,964,0.964,12.094478,6.215,42,kongesti berat
2000,1000,976,0.976,12.241705,6.199,42,kongesti berat
2000,1000,976,0.976,11.950534,6.218,46,kongesti berat
2000,1000,964,0.964,12.097691,6.217,47,kongesti berat
2000,1000,976,0.976,12.095596,6.214,42,kongesti berat
2000,1000,964,0.964,12.145323,6.225,42,kongesti berat
2000,1000,976,0.976,12.060256,6.211,42,kongesti berat
2000,1000,976,0.976,12.088751,6.218,42,kongesti berat
2000,1000,964,0.964,12.089388,6.167,42,kongesti berat
2000,1000,976,0.976,12.094338,6.218,50,kongesti berat
2000,1000,976,0.976,12.090218,6.301,48,kongesti berat
2000,1000,964,0.964,12.234371,6.207,47,kongesti berat
2000,1000,976,0.976,11.962198,6.228,47,kongesti berat
2000,1000,964,0.964,12.099786,6.167,42,kongesti berat
2000,1000,976,0.976,12.096294,6.217,42,kongesti berat
2000,1000,976,0.976,12.093291,6.214,42,kongesti berat
2000,1000,964,0.964,12.092872,6.229,42,kongesti berat
2000,1000,976,0.976,12.098948,6.213,46,kongesti berat
2000,1000,953,0.953,12.316295,6.225,47,kongesti berat
2000,1000,976,0.976,12.021634,6.246,42,kongesti berat
2000,1000,964,0.964,11.952214,6.218,42,kongesti berat
2000,1000,976,0.976,12.091545,6.215,42,kongesti berat
2000,1000,976,0.976,12.099507,6.199,42,kongesti berat
2000,1000,964,0.964,12.149443,6.218,42,kongesti berat
2000,1000,976,0.976,12.051875,6.217,42,kongesti berat
2000,1000,976,0.976,12.086866,6.214,42,kongesti berat
2000,1000,964,0.964,12.115989,6.229,42,kongesti berat
2000,1000,976,0.976,12.077437,6.213,42,kongesti berat
400,1000,412,0.412,29.177342,0.163,0,tidak kongesti
400,1000,400,0.4,28.909081,0.284,0,tidak kongesti
400,1000,400,0.4,29.589757,0.268,0,tidak kongesti
400,1000,400,0.4,29.260453,0.269,0,tidak kongesti
400,1000,400,0.4,29.705205,0.238,0,tidak kongesti
400,1000,400,0.4,29.235241,0.323,0,tidak kongesti
400,1000,400,0.4,29.725319,0.342,0,tidak kongesti
400,1000,412,0.412,29.632639,0.271,0,tidak kongesti
400,1000,400,0.4,29.353482,0.281,0,tidak kongesti
400,1000,400,0.4,29.371502,0.283,0,tidak kongesti
400,1000,400,0.4,28.952662,0.257,0,tidak kongesti
400,1000,400,0.4,29.745992,0.298,0,tidak kongesti
400,1000,400,0.4,29.255705,0.345,0,tidak kongesti
400,1000,400,0.4,29.326523,0.303,0,tidak kongesti
400,1000,412,0.412,29.256473,0.247,0,tidak kongesti
400,1000,400,0.4,29.738519,0.281,0,tidak kongesti
400,1000,400,0.4,28.924446,0.294,0,tidak kongesti
400,1000,400,0.4,29.595553,0.335,0,tidak kongesti
400,1000,400,0.4,29.737122,0.324,0,tidak kongesti
400,1000,400,0.4,29.040174,0.269,0,tidak kongesti
400,1000,400,0.4,29.273165,0.227,0,tidak kongesti
400,1000,400,0.4,29.840278,0.286,0,tidak kongesti
400,1000,400,0.4,29.545896,0.233,0,tidak kongesti
400,1000,412,0.412,28.840706,0.269,0,tidak kongesti
400,1000,400,0.4,29.502315,0.307,0,tidak kongesti
400,1000,400,0.4,29.867306,0.291,0,tidak kongesti
400,1000,400,0.4,29.585985,0.295,0,tidak kongesti
400,1000,400,0.4,28.672598,0.281,0,tidak kongesti
400,1000,412,0.412,29.685235,0.257,0,tidak kongesti
400,1000,400,0.4,29.823376,0.263,0,tidak kongesti
400,1000,400,0.4,29.183279,0.178,0,tidak kongesti
400,1000,400,0.4,28.783645,0.242,0,tidak kongesti
400,1000,400,0.4,29.991066,0.232,0,tidak kongesti
400,1000,412,0.412,29.232727,0.291,0,tidak kongesti
400,1000,400,0.4,28.890852,0.292,0,tidak kongesti
400,1000,400,0.4,29.536328,0.365,0,tidak kongesti
400,1000,400,0.4,29.749624,0.319,0,tidak kongesti
400,1000,400,0.4,29.135088,0.254,0,tidak kongesti
400,1000,400,0.4,29.748436,0.328,0,tidak kongesti
400,1000,400,0.4,28.917742,0.261,0,tidak kongesti
400,1000,412,0.412,29.858576,0.276,0,tidak kongesti
400,1000,400,0.4,29.758494,0.345,0,tidak kongesti
400,1000,400,0.4,28.758363,0.251,0,tidak kongesti
400,1000,400,0.4,29.618112,0.293,0,tidak kongesti
400,1000,400,0.4,29.535629,0.284,0,tidak kongesti
400,1000,400,0.4,29.059311,0.274,0,tidak kongesti
400,1000,400,0.4,29.701364,0.286,0,tidak kongesti
400,1000,412,0.412,29.402092,0.295,0,tidak kongesti
400,1000,400,0.4,29.472632,0.262,0,tidak kongesti
400,1000,400,0.4,29.204581,0.264,0,tidak kongesti
400,1000,400,0.4,29.265761,0.266,0,tidak kongesti
400,1000,400,0.4,29.645141,0.214,0,tidak kongesti
400,1000,400,0.4,29.557216,0.235,0,tidak kongesti
400,1000,400,0.4,28.928916,0.316,0,tidak kongesti
400,1000,400,0.4,29.196968,0.334,0,tidak kongesti
400,1000,400,0.4,29.390499,0.273,0,tidak kongesti
400,1000,400,0.4,29.868703,0.295,0,tidak kongesti
400,1000,400,0.4,29.217641,0.314,0,tidak kongesti
400,1000,412,0.412,29.570271,0.325,0,tidak kongesti
400,1000,400,0.4,29.737122,0.288,0,tidak kongesti
800,1000,823,0.823,15.195347,0.256,0,kongesti
800,1000,800,0.8,14.419827,0.176,0,tidak kongesti
800,1000,800,0.8,14.672513,0.112,0,tidak kongesti
800,1000,800,0.8,14.790616,0.066,0,tidak kongesti
800,1000,800,0.8,14.467109,0.251,0,tidak kongesti
800,1000,800,0.8,14.507967,0.074,0,tidak kongesti
800,1000,800,0.8,14.635498,0.062,0,tidak kongesti
800,1000,800,0.8,14.586538,0.067,0,tidak kongesti
800,1000,800,0.8,15.178236,0.072,0,tidak kongesti
800,1000,800,0.8,14.651212,0.176,0,tidak kongesti
800,1000,800,0.8,14.399712,0.188,0,tidak kongesti
800,1000,800,0.8,15.072426,0.184,0,tidak kongesti
800,1000,811,0.811,14.646672,0.222,0,kongesti
800,1000,800,0.8,14.366398,0.279,0,tidak kongesti
800,1000,800,0.8,14.859968,0.103,0,tidak kongesti
800,1000,800,0.8,14.654355,0.128,0,tidak kongesti
800,1000,800,0.8,14.405928,0.234,0,tidak kongesti
800,1000,800,0.8,15.064464,0.287,0,tidak kongesti
800,1000,800,0.8,14.628374,0.236,0,tidak kongesti
800,1000,800,0.8,14.959492,0.303,0,tidak kongesti
800,1000,811,0.811,14.660081,0.272,0,kongesti
800,1000,800,0.8,14.358786,0.251,0,tidak kongesti
800,1000,800,0.8,14.538767,0.214,0,tidak kongesti
800,1000,800,0.8,14.814926,0.273,0,tidak kongesti
800,1000,800,0.8,15.216858,0.278,0,tidak kongesti
800,1000,800,0.8,14.302982,0.234,0,tidak kongesti
800,1000,800,0.8,14.570545,0.251,0,tidak kongesti
800,1000,800,0.8,15.273365,0.271,0,tidak kongesti
800,1000,811,0.811,14.616151,0.277,0,kongesti
800,1000,800,0.8,14.241941,0.325,0,tidak kongesti
800,1000,811,0.811,15.361849,0.282,0,kongesti
800,1000,800,0.8,14.385674,0.191,0,tidak kongesti
800,1000,800,0.8,14.488551,0.267,0,tidak kongesti
800,1000,800,0.8,14.853612,0.254,0,tidak kongesti
800,1000,800,0.8,14.437846,0.134,0,tidak kongesti
800,1000,800,0.8,15.364853,0.249,0,tidak kongesti
800,1000,811,0.811,14.668602,0.263,0,kongesti
800,1000,800,0.8,14.204575,0.221,0,tidak kongesti
800,1000,800,0.8,15.089886,0.154,0,tidak kongesti
800,1000,800,0.8,14.611472,0.124,0,tidak kongesti
800,1000,800,0.8,14.242227,0.245,0,tidak kongesti
800,1000,800,0.8,15.067328,0.251,0,tidak kongesti
800,1000,800,0.8,14.652957,0.252,0,tidak kongesti
800,1000,800,0.8,14.838527,0.294,0,tidak kongesti
800,1000,811,0.811,14.849073,0.229,0,kongesti
800,1000,800,0.8,14.132016,0.303,0,tidak kongesti
800,1000,800,0.8,14.677332,0.262,0,tidak kongesti
800,1000,800,0.8,15.119569,0.284,0,tidak kongesti
800,1000,800,0.8,14.160226,0.241,0,tidak kongesti
800,1000,800,0.8,15.185709,0.289,0,tidak kongesti
800,1000,800,0.8,14.725383,0.185,0,tidak kongesti
800,1000,800,0.8,14.166442,0.206,0,tidak kongesti
800,1000,800,0.8,14.915772,0.224,0,tidak kongesti
800,1000,811,0.811,14.677332,0.231,0,kongesti
800,1000,800,0.8,14.814292,0.189,0,tidak kongesti
800,1000,800,0.8,15.031079,0.254,0,tidak kongesti
800,1000,800,0.8,14.189425,0.206,0,tidak kongesti
800,1000,800,0.8,15.073963,0.323,0,tidak kongesti
800,1000,800,0.8,14.713377,0.276,0,tidak kongesti
800,1000,811,0.811,14.539256,0.284,0,kongesti
1200,1000,976,0.976,12.092352,2.297,11,kongesti berat
1200,1000,976,0.976,12.097029,2.302,8.7,kongesti berat
1200,1000,964,0.964,12.090324,2.361,8.6,kongesti berat
1200,1000,976,0.976,12.097519,2.291,8.6,kongesti berat
1200,1000,964,0.964,12.255988,2.298,10,kongesti berat
1200,1000,976,0.976,11.956019,2.314,10,kongesti berat
1200,1000,976,0.976,12.085715,2.286,9,kongesti berat
1200,1000,964,0.964,12.246565,2.296,11,kongesti berat
1200,1000,976,0.976,11.954832,2.301,11,kongesti berat
1200,1000,976,0.976,12.223931,2.198,11,kongesti berat
1200,1000,964,0.964,12.101432,2.314,11,kongesti berat
1200,1000,976,0.976,12.041924,2.293,11,kongesti berat
1200,1000,964,0.964,11.999531,2.287,9,kongesti berat
1200,1000,976,0.976,12.099962,2.321,9,kongesti berat
1200,1000,976,0.976,12.087952,2.323,9,kongesti berat
1200,1000,964,0.964,12.110299,2.292,11,kongesti berat
1200,1000,976,0.976,12.100661,2.333,11,kongesti berat
1200,1000,964,0.964,12.086623,2.303,11,kongesti berat
1200,1000,976,0.976,12.097867,2.347,11,kongesti berat
1200,1000,976,0.976,12.088928,2.341,11,kongesti berat
1200,1000,964,0.964,12.194807,2.281,11,kongesti berat
1200,1000,976,0.976,12.000509,2.298,11,kongesti berat
1200,1000,964,0.964,12.242369,2.396,8.7,kongesti berat
1200,1000,976,0.976,12.133696,2.291,8.6,kongesti berat
1200,1000,976,0.976,12.062179,2.317,8.6,kongesti berat
1200,1000,964,0.964,11.944355,2.266,10,kongesti berat
1200,1000,976,0.976,12.099334,2.293,10,kongesti berat
1200,1000,976,0.976,12.244814,2.297,9,kongesti berat
1200,1000,964,0.964,11.941283,2.302,11,kongesti berat
1200,1000,976,0.976,12.258503,2.299,11,kongesti berat
1200,1000,964,0.964,12.092769,2.296,11,kongesti berat
1200,1000,976,0.976,12.038502,2.368,9,kongesti berat
1200,1000,976,0.976,12.002743,2.312,9.4,kongesti berat
1200,1000,964,0.964,12.242439,2.299,11,kongesti berat
1200,1000,976,0.976,11.943309,2.304,11,kongesti berat
1200,1000,964,0.964,12.097588,2.306,10.3,kongesti berat
1200,1000,976,0.976,12.091581,2.337,8.6,kongesti berat
1200,1000,976,0.976,12.246843,2.312,11,kongesti berat
1200,1000,964,0.964,11.955534,2.429,11,kongesti berat
1200,1000,976,0.976,12.089626,2.301,11,kongesti berat
1200,1000,976,0.976,12.268712,2.295,11,kongesti berat
1200,1000,964,0.964,11.923264,2.298,11,kongesti berat
1200,1000,976,0.976,12.090534,2.295,11,kongesti berat
1200,1000,964,0.964,12.101155,2.296,10,kongesti berat
1200,1000,976,0.976,12.246491,2.318,10,kongesti berat
1200,1000,976,0.976,11.940863,2.286,9,kongesti berat
1200,1000,964,0.964,12.099265,2.304,9.5,kongesti berat
1200,1000,976,0.976,12.101149,2.352,8.7,kongesti berat
1200,1000,964,0.964,12.092979,2.361,8.9,kongesti berat
1200,1000,976,0.976,12.239785,2.297,11,kongesti berat
1200,1000,964,0.964,11.956508,2.301,11,kongesti berat
1200,1000,976,0.976,12.088369,2.382,11,kongesti berat
1200,1000,976,0.976,12.100242,2.303,11,kongesti berat
1200,1000,964,0.964,12.192224,2.383,11,kongesti berat
1200,1000,976,0.976,12.014546,2.289,11,kongesti berat
1200,1000,964,0.964,12.236573,2.289,11,kongesti berat
1200,1000,976,0.976,11.935067,2.439,11,kongesti berat
1200,1000,976,0.976,12.147804,2.306,11,kongesti berat
1200,1000,964,0.964,12.051353,2.292,11,kongesti berat
1200,1000,976,0.976,12.088159,2.268,11,kongesti berat
1600,1000,976,0.976,12.087735,4.774,27,kongesti berat
1600,1000,964,0.964,11.953569,4.747,27,kongesti berat
1600,1000,976,0.976,12.142629,4.735,27,kongesti berat
1600,1000,976,0.976,12.111551,4.783,27,kongesti berat
1600,1000,964,0.964,12.023693,4.755,27,kongesti berat
1600,1000,976,0.976,12.100305,4.738,28,kongesti berat
1600,1000,964,0.964,12.105405,4.814,28,kongesti berat
1600,1000,976,0.976,12.085359,4.752,31,kongesti berat
1600,1000,976,0.976,12.146967,4.755,30,kongesti berat
1600,1000,964,0.964,12.042058,4.838,27,kongesti berat
1600,1000,976,0.976,12.245576,4.752,27,kongesti berat
1600,1000,964,0.964,11.951125,4.755,27,kongesti berat
1600,1000,976,0.976,12.094649,4.741,34,kongesti berat
1600,1000,976,0.976,12.244039,4.756,34,kongesti berat
1600,1000,964,0.964,12.098421,4.757,31,kongesti berat
1600,1000,976,0.976,12.094439,4.772,31,kongesti berat
1600,1000,964,0.964,11.940788,4.758,27,kongesti berat
1600,1000,976,0.976,12.098775,4.756,27,kongesti berat
1600,1000,976,0.976,12.099607,4.753,27,kongesti berat
1600,1000,964,0.964,12.196897,4.747,27,kongesti berat
1600,1000,976,0.976,12.142491,4.749,29,kongesti berat
1600,1000,976,0.976,11.952521,4.759,29,kongesti berat
1600,1000,964,0.964,12.237265,4.768,29,kongesti berat
1600,1000,976,0.976,11.944909,4.753,30,kongesti berat
1600,1000,964,0.964,12.201995,4.757,31,kongesti berat
1600,1000,976,0.976,11.995962,4.756,31,kongesti berat
1600,1000,976,0.976,12.087944,4.761,27,kongesti berat
1600,1000,964,0.964,12.098761,4.746,27,kongesti berat
1600,1000,976,0.976,12.295373,4.749,27,kongesti berat
1600,1000,964,0.964,12.100096,4.772,27,kongesti berat
1600,1000,976,0.976,12.099188,4.758,34,kongesti berat
1600,1000,976,0.976,12.094998,4.756,27,kongesti berat
1600,1000,964,0.964,12.114135,4.753,27,kongesti berat
1600,1000,976,0.976,12.078585,4.747,27,kongesti berat
1600,1000,964,0.964,12.089836,4.749,27,kongesti berat
1600,1000,976,0.976,12.091994,4.759,30,kongesti berat
1600,1000,976,0.976,12.104078,4.768,27,kongesti berat
1600,1000,964,0.964,12.208561,4.753,27,kongesti berat
1600,1000,976,0.976,12.015099,4.756,27,kongesti berat
1600,1000,976,0.976,12.102967,4.757,34,kongesti berat
1600,1000,964,0.964,12.224693,4.772,34,kongesti berat
1600,1000,976,0.976,12.088712,4.758,31,kongesti berat
1600,1000,964,0.964,12.113716,4.756,31,kongesti berat
1600,1000,976,0.976,12.077328,4.753,27,kongesti berat
1600,1000,976,0.976,11.941556,4.747,27,kongesti berat
1600,1000,964,0.964,12.111969,4.749,31,kongesti berat
1600,1000,976,0.976,12.236916,4.746,27,kongesti berat
1600,1000,964,0.964,12.238732,4.749,27,kongesti berat
1600,1000,976,0.976,11.946235,4.772,27,kongesti berat
1600,1000,976,0.976,11.955036,4.758,27,kongesti berat
1600,1000,964,0.964,12.251373,4.756,34,kongesti berat
1600,1000,976,0.976,11.943861,4.753,27,kongesti berat
1600,1000,976,0.976,12.173779,4.747,27,kongesti berat
1600,1000,964,0.964,12.172312,4.749,27,kongesti berat
1600,1000,976,0.976,11.990795,4.757,27,kongesti berat
1600,1000,964,0.964,12.050788,4.772,27,kongesti berat
1600,1000,976,0.976,12.077258,4.758,27,kongesti berat
1600,1000,976,0.976,12.104985,4.756,27,kongesti berat
1600,1000,964,0.964,12.248929,4.753,27,kongesti berat
1600,1000,964,0.964,11.944489,4.757,27,kongesti berat
2000,1000,976,0.976,12.090846,6.217,47,kongesti berat
2000,1000,964,0.964,12.098809,6.261,47,kongesti berat
2000,1000,976,0.976,12.098738,6.213,42,kongesti berat
2000,1000,964,0.964,12.102161,6.209,42,kongesti berat
2000,1000,976,0.976,12.084631,6.345,46,kongesti berat
2000,1000,976,0.976,12.098948,6.221,47,kongesti berat
2000,1000,964,0.964,12.305469,6.224,42,kongesti berat
2000,1000,976,0.976,11.893335,6.226,42,kongesti berat
2000,1000,964,0.964,12.265101,6.212,42,kongesti berat
2000,1000,976,0.976,11.981265,6.228,42,kongesti berat
2000,1000,976,0.976,12.033786,6.157,42,kongesti berat
2000,1000,964,0.964,12.093779,6.216,42,kongesti berat
2000,1000,976,0.976,12.098116,6.226,42,kongesti berat
2000,1000,964,0.964,12.093712,6.225,42,kongesti berat
2000,1000,976,0.976,12.109355,6.223,50,kongesti berat
2000,1000,976,0.976,12.083932,6.228,48,kongesti berat
2000,1000,964,0.964,12.099576,6.721,48,kongesti berat
2000,1000,976,0.976,12.092523,6.209,42,kongesti berat
2000,1000,964,0.964,12.098808,6.234,46,kongesti berat
2000,1000,976,0.976,12.095387,6.259,42,kongesti berat
2000,1000,976,0.976,12.092662,6.227,42,kongesti berat
2000,1000,964,0.964,12.160269,6.218,42,kongesti berat
2000,1000,976,0.976,12.034903,6.205,42,kongesti berat
2000,1000,964,0.964,12.096993,6.233,42,kongesti berat
2000,1000,976,0.976,12.096154,6.224,42,kongesti berat
2000,1000,976,0.976,12.095247,6.224,42,kongesti berat
2000,1000,964,0.964,12.101462,6.228,47,kongesti berat
2000,1000,976,0.976,12.102656,6.157,46,kongesti berat
2000,1000,976,0.976,12.084979,6.216,43,kongesti berat
2000,1000,964,0.964,12.094548,6.226,42,kongesti berat
2000,1000,976,0.976,12.097272,6.252,42,kongesti berat
2000,1000,964,0.964,12.098529,6.236,42,kongesti berat
2000,1000,976,0.976,12.090427,6.211,42,kongesti berat
2000,1000,976,0.976,12.096155,6.219,42,kongesti berat
2000,1000,964,0.964,12.124161,6.233,42,kongesti berat
2000,1000,976,0.976,12.066821,6.224,42,kongesti berat
2000,1000,964,0.964,12.095456,6.224,42,kongesti berat
2000,1000,976,0.976,12.098738,6.228,42,kongesti berat
2000,1000,976,0.976,12.096434,6.157,42,kongesti berat
2000,1000,964,0.964,12.093221,6.216,49,kongesti berat
2000,1000,976,0.976,12.098251,6.226,50,kongesti berat
2000,1000,976,0.976,12.098808,6.252,50,kongesti berat
2000,1000,964,0.964,12.089247,6.236,50,kongesti berat
2000,1000,976,0.976,12.757345,6.157,49,kongesti berat
2000,1000,964,0.964,11.438945,6.216,49,kongesti berat
2000,1000,976,0.976,12.099576,6.226,46,kongesti berat
2000,1000,976,0.976,12.094409,6.225,43,kongesti berat
2000,1000,964,0.964,12.093849,6.223,42,kongesti berat
2000,1000,976,0.976,12.100555,6.228,42,kongesti berat
2000,1000,964,0.964,12.095176,6.721,42,kongesti berat
2000,1000,976,0.976,12.090986,6.223,42,kongesti berat
2000,1000,976,0.976,12.093717,6.228,42,kongesti berat
2000,1000,964,0.964,12.097482,6.721,42,kongesti berat
2000,1000,976,0.976,12.096713,6.209,42,kongesti berat
2000,1000,964,0.964,12.095316,6.234,42,kongesti berat
2000,1000,976,0.976,12.095107,6.211,50,kongesti berat
2000,1000,964,0.964,12.097691,6.252,50,kongesti berat
2000,1000,976,0.976,12.098738,6.236,49,kongesti berat
2000,1000,976,0.976,12.184993,6.211,49,kongesti berat
2000,1000,964,0.964,12.006338,6.219,46,kongesti berat
400,1000,412,0.412,29.041501,0.229,0,tidak kongesti
400,1000,400,0.4,29.148218,0.235,0,tidak kongesti
400,1000,400,0.4,29.285597,0.233,0,tidak kongesti
400,1000,400,0.4,29.969275,0.171,0,tidak kongesti
400,1000,400,0.4,29.039545,0.178,0,tidak kongesti
400,1000,400,0.4,29.200739,0.188,0,tidak kongesti
400,1000,400,0.4,29.892589,0.109,0,tidak kongesti
400,1000,400,0.4,29.253819,0.146,0,tidak kongesti
400,1000,412,0.412,29.584938,0.122,0,tidak kongesti
400,1000,400,0.4,28.862427,0.205,0,tidak kongesti
400,1000,400,0.4,29.921224,0.209,0,tidak kongesti
400,1000,400,0.4,29.364378,0.118,0,tidak kongesti
400,1000,400,0.4,29.104707,0.051,0,tidak kongesti
400,1000,400,0.4,29.630684,0.211,0,tidak kongesti
400,1000,400,0.4,29.512162,0.106,0,tidak kongesti
400,1000,400,0.4,29.544779,0.186,0,tidak kongesti
400,1000,400,0.4,29.212891,0.164,0,tidak kongesti
400,1000,400,0.4,29.304035,0.169,0,tidak kongesti
400,1000,400,0.4,29.630893,0.179,0,tidak kongesti
400,1000,400,0.4,29.128943,0.219,0,tidak kongesti
400,1000,400,0.4,29.641579,0.291,0,tidak kongesti
400,1000,412,0.412,29.472283,0.254,0,tidak kongesti
400,1000,400,0.4,29.168123,0.187,0,tidak kongesti
400,1000,412,0.412,29.148428,0.184,0,tidak kongesti
400,1000,400,0.4,29.559585,0.258,0,tidak kongesti
400,1000,400,0.4,29.613083,0.203,0,tidak kongesti
400,1000,400,0.4,29.202765,0.195,0,tidak kongesti
400,1000,400,0.4,29.368359,0.209,0,tidak kongesti
400,1000,400,0.4,29.258358,0.284,0,tidak kongesti
400,1000,400,0.4,29.997911,0.228,0,tidak kongesti
400,1000,400,0.4,29.188028,0.178,0,tidak kongesti
400,1000,412,0.412,28.830928,0.214,0,tidak kongesti
400,1000,400,0.4,29.706252,0.245,0,tidak kongesti
400,1000,400,0.4,29.052885,0.292,0,tidak kongesti
400,1000,400,0.4,29.607147,0.319,0,tidak kongesti
400,1000,400,0.4,29.213861,0.284,0,tidak kongesti
400,1000,400,0.4,29.996723,0.326,0,tidak kongesti
400,1000,400,0.4,29.473191,0.221,0,tidak kongesti
400,1000,412,0.412,29.546315,0.211,0,tidak kongesti
400,1000,400,0.4,28.825131,0.252,0,tidak kongesti
400,1000,400,0.4,29.608544,0.239,0,tidak kongesti
400,1000,400,0.4,29.587592,0.184,0,tidak kongesti
400,1000,412,0.412,29.417527,0.126,0,tidak kongesti
400,1000,400,0.4,28.793633,0.132,0,tidak kongesti
400,1000,400,0.4,29.746062,0.113,0,tidak kongesti
400,1000,400,0.4,29.558537,0.106,0,tidak kongesti
400,1000,400,0.4,29.324918,0.195,0,tidak kongesti
400,1000,412,0.412,28.894624,0.085,0,tidak kongesti
400,1000,400,0.4,29.621604,0.063,0,tidak kongesti
400,1000,400,0.4,29.798234,0.155,0,tidak kongesti
400,1000,400,0.4,28.758991,0.179,0,tidak kongesti
400,1000,400,0.4,29.903415,0.216,0,tidak kongesti
400,1000,400,0.4,29.577674,0.254,0,tidak kongesti
400,1000,400,0.4,29.332675,0.234,0,tidak kongesti
400,1000,412,0.412,29.420612,0.205,0,tidak kongesti
400,1000,400,0.4,29.623211,0.283,0,tidak kongesti
400,1000,400,0.4,29.471445,0.307,0,tidak kongesti
400,1000,400,0.4,28.965373,0.199,0,tidak kongesti
400,1000,400,0.4,28.990377,0.248,0,tidak kongesti
400,1000,400,0.4,30.043726,0.237,0,tidak kongesti
800,1000,811,0.811,14.679498,0.268,0,kongesti
800,1000,811,0.811,14.934698,0.351,0,kongesti
800,1000,800,0.8,14.564958,0.256,0,tidak kongesti
800,1000,800,0.8,14.804444,0.299,0,tidak kongesti
800,1000,811,0.811,14.189285,0.351,0,kongesti
800,1000,800,0.8,14.672653,0.231,0,tidak kongesti
800,1000,800,0.8,14.992457,0.241,0,tidak kongesti
800,1000,800,0.8,14.419967,0.105,0,tidak kongesti
800,1000,800,0.8,15.183893,0.276,0,tidak kongesti
800,1000,800,0.8,15.048749,0.289,0,tidak kongesti
800,1000,800,0.8,14.385465,0.382,0,tidak kongesti
800,1000,800,0.8,14.971784,0.253,0,tidak kongesti
800,1000,800,0.8,14.291319,0.285,0,tidak kongesti
800,1000,811,0.811,14.495605,0.339,0,kongesti
800,1000,811,0.811,15.099105,0.285,0,kongesti
800,1000,800,0.8,14.206601,0.251,0,tidak kongesti
800,1000,800,0.8,15.390763,0.279,0,tidak kongesti
800,1000,800,0.8,14.407884,0.246,0,tidak kongesti
800,1000,800,0.8,14.759257,0.261,0,tidak kongesti
800,1000,800,0.8,14.819809,0.278,0,tidak kongesti
800,1000,800,0.8,14.685993,0.215,0,tidak kongesti
800,1000,811,0.811,14.090803,0.232,0,kongesti
800,1000,800,0.8,15.181658,0.286,0,tidak kongesti
800,1000,800,0.8,14.366259,0.296,0,tidak kongesti
800,1000,800,0.8,14.828124,0.289,0,tidak kongesti
800,1000,800,0.8,14.684456,0.242,0,tidak kongesti
800,1000,800,0.8,14.370729,0.304,0,tidak kongesti
800,1000,800,0.8,14.650862,0.233,0,tidak kongesti
800,1000,800,0.8,15.248846,0.182,0,tidak kongesti
800,1000,800,0.8,14.349636,0.224,0,tidak kongesti
800,1000,811,0.811,14.525427,0.125,0,kongesti
800,1000,811,0.811,14.700526,0.233,0,kongesti
800,1000,800,0.8,14.761771,0.217,0,tidak kongesti
800,1000,800,0.8,15.283557,0.248,0,tidak kongesti
800,1000,800,0.8,14.182575,0.265,0,tidak kongesti
800,1000,800,0.8,15.293754,0.341,0,tidak kongesti
800,1000,800,0.8,14.690951,0.217,0,tidak kongesti
800,1000,811,0.811,15.384548,0.291,0,kongesti
800,1000,800,0.8,13.993444,0.274,0,tidak kongesti
800,1000,800,0.8,14.491554,0.311,0,tidak kongesti
800,1000,800,0.8,14.473256,0.235,0,tidak kongesti
800,1000,800,0.8,14.924083,0.238,0,tidak kongesti
800,1000,800,0.8,14.772736,0.249,0,tidak kongesti
800,1000,800,0.8,14.374082,0.307,0,tidak kongesti
800,1000,800,0.8,15.317151,0.304,0,tidak kongesti
800,1000,800,0.8,14.116575,0.265,0,tidak kongesti
800,1000,811,0.811,14.700527,0.282,0,kongesti
800,1000,800,0.8,15.090305,0.293,0,tidak kongesti
800,1000,800,0.8,14.033603,0.249,0,tidak kongesti
800,1000,800,0.8,15.100991,0.258,0,tidak kongesti
800,1000,800,0.8,15.022001,0.288,0,tidak kongesti
800,1000,811,0.811,14.161203,0.353,0,kongesti
800,1000,800,0.8,15.278459,0.226,0,tidak kongesti
800,1000,800,0.8,14.177337,0.248,0,tidak kongesti
800,1000,800,0.8,14.829377,0.304,0,tidak kongesti
800,1000,800,0.8,14.931975,0.136,0,tidak kongesti
800,1000,800,0.8,15.149252,0.217,0,tidak kongesti
800,1000,800,0.8,14.012651,0.149,0,tidak kongesti
800,1000,800,0.8,15.296687,0.129,0,tidak kongesti
800,1000,800,0.8,14.436162,0.267,0,tidak kongesti
1200,1000,976,0.976,12.099753,2.351,11,kongesti berat
1200,1000,976,0.976,12.096331,2.138,11,kongesti berat
1200,1000,964,0.964,12.096191,2.332,11,kongesti berat
1200,1000,976,0.976,12.217855,2.337,9,kongesti berat
1200,1000,976,0.976,12.122801,2.315,9,kongesti berat
1200,1000,964,0.964,11.943797,2.323,9,kongesti berat
1200,1000,976,0.976,12.101709,2.511,10,kongesti berat
1200,1000,964,0.964,12.188731,2.296,10.5,kongesti berat
1200,1000,976,0.976,12.004978,2.342,10.4,kongesti berat
1200,1000,976,0.976,12.090814,2.434,9.7,kongesti berat
1200,1000,964,0.964,12.193899,2.302,9.8,kongesti berat
1200,1000,976,0.976,12.020204,2.374,9,kongesti berat
1200,1000,964,0.964,12.071537,2.246,8.9,kongesti berat
1200,1000,976,0.976,12.255918,2.391,8.9,kongesti berat
1200,1000,976,0.976,12.092568,2.395,11,kongesti berat
1200,1000,964,0.964,11.944076,2.299,11,kongesti berat
1200,1000,976,0.976,12.094096,2.298,11,kongesti berat
1200,1000,976,0.976,12.191455,2.306,11,kongesti berat
1200,1000,964,0.964,12.096122,2.306,11,kongesti berat
1200,1000,976,0.976,12.002324,2.299,11,kongesti berat
1200,1000,964,0.964,12.252915,2.297,11,kongesti berat
1200,1000,976,0.976,11.942401,2.289,8.7,kongesti berat
1200,1000,976,0.976,12.247886,2.294,8.6,kongesti berat
1200,1000,964,0.964,11.940794,2.321,8.6,kongesti berat
1200,1000,976,0.976,12.177906,2.303,10,kongesti berat
1200,1000,964,0.964,12.011194,2.293,10,kongesti berat
1200,1000,976,0.976,12.102547,2.308,9,kongesti berat
1200,1000,976,0.976,12.148502,2.361,11,kongesti berat
1200,1000,964,0.964,12.035293,2.285,11,kongesti berat
1200,1000,976,0.976,12.218483,2.298,11,kongesti berat
1200,1000,964,0.964,12.136751,2.296,11,kongesti berat
1200,1000,976,0.976,11.934578,2.295,11,kongesti berat
1200,1000,976,0.976,12.252287,2.291,9,kongesti berat
1200,1000,964,0.964,12.127253,2.326,9,kongesti berat
1200,1000,976,0.976,11.908388,2.308,9,kongesti berat
1200,1000,976,0.976,12.197252,2.301,11,kongesti berat
1200,1000,964,0.964,11.996108,2.309,11,kongesti berat
1200,1000,976,0.976,12.100947,2.215,11,kongesti berat
1200,1000,964,0.964,12.092211,2.298,11,kongesti berat
1200,1000,976,0.976,12.099264,2.332,11,kongesti berat
1200,1000,976,0.976,12.203049,2.295,11,kongesti berat
1200,1000,964,0.964,11.982349,2.298,11,kongesti berat
1200,1000,976,0.976,12.258992,2.357,10,kongesti berat
1200,1000,964,0.964,11.935416,2.303,10,kongesti berat
1200,1000,976,0.976,12.100451,2.295,9,kongesti berat
1200,1000,964,0.964,12.177766,2.411,11,kongesti berat
1200,1000,976,0.976,12.025023,2.321,11,kongesti berat
1200,1000,964,0.964,12.282598,2.289,11,kongesti berat
1200,1000,976,0.976,11.897982,2.303,11,kongesti berat
1200,1000,976,0.976,12.090045,2.299,11,kongesti berat
1200,1000,964,0.964,12.194737,2.305,9,kongesti berat
1200,1000,976,0.976,11.998483,2.312,9,kongesti berat
1200,1000,964,0.964,12.098845,2.284,9,kongesti berat
1200,1000,976,0.976,12.193062,2.304,11,kongesti berat
1200,1000,964,0.964,11.999461,2.309,11,kongesti berat
1200,1000,976,0.976,12.089556,2.411,11,kongesti berat
1200,1000,976,0.976,12.104363,2.303,11,kongesti berat
1200,1000,964,0.964,12.188032,2.315,11,kongesti berat
1200,1000,976,0.976,12.141728,2.186,11,kongesti berat
1200,1000,964,0.964,11.952947,2.293,11,kongesti berat
1600,1000,976,0.976,12.239221,4.745,27,kongesti berat
1600,1000,964,0.964,12.298515,4.783,27,kongesti berat
1600,1000,976,0.976,11.754661,4.748,27,kongesti berat
1600,1000,964,0.964,12.101423,4.754,34,kongesti berat
1600,1000,976,0.976,12.087595,4.841,30,kongesti berat
1600,1000,976,0.976,12.089271,4.747,27,kongesti berat
1600,1000,964,0.964,12.113017,4.736,27,kongesti berat
1600,1000,976,0.976,12.087385,4.842,27,kongesti berat
1600,1000,964,0.964,12.077887,4.746,27,kongesti berat
1600,1000,976,0.976,12.431214,4.758,29,kongesti berat
1600,1000,976,0.976,11.782598,4.788,30,kongesti berat
1600,1000,964,0.964,12.087734,4.747,27,kongesti berat
1600,1000,976,0.976,12.085639,4.746,27,kongesti berat
1600,1000,964,0.964,12.091925,4.754,27,kongesti berat
1600,1000,976,0.976,12.264852,4.764,27,kongesti berat
1600,1000,976,0.976,12.097233,4.737,27,kongesti berat
1600,1000,964,0.964,12.255214,4.739,31,kongesti berat
1600,1000,976,0.976,11.778268,4.749,31,kongesti berat
1600,1000,964,0.964,12.282661,4.753,31,kongesti berat
1600,1000,976,0.976,12.064827,4.755,31,kongesti berat
1600,1000,976,0.976,12.089899,4.753,27,kongesti berat
1600,1000,964,0.964,12.234402,4.747,27,kongesti berat
1600,1000,976,0.976,11.818426,4.738,27,kongesti berat
1600,1000,964,0.964,12.240058,4.766,28,kongesti berat
1600,1000,976,0.976,12.101074,4.746,28,kongesti berat
1600,1000,976,0.976,11.954058,4.751,27,kongesti berat
1600,1000,964,0.964,12.088852,4.753,27,kongesti berat
1600,1000,976,0.976,12.239919,4.746,34,kongesti berat
1600,1000,976,0.976,11.942464,4.751,34,kongesti berat
1600,1000,964,0.964,12.098071,4.008,27,kongesti berat
1600,1000,976,0.976,12.400624,4.748,27,kongesti berat
1600,1000,964,0.964,11.946306,4.754,27,kongesti berat
1600,1000,976,0.976,11.968934,4.841,27,kongesti berat
1600,1000,976,0.976,12.241246,4.747,27,kongesti berat
1600,1000,964,0.964,11.221946,4.736,27,kongesti berat
1600,1000,976,0.976,11.956083,4.842,27,kongesti berat
1600,1000,964,0.964,12.108687,4.746,27,kongesti berat
1600,1000,976,0.976,12.093461,4.758,27,kongesti berat
1600,1000,976,0.976,12.080681,4.788,30,kongesti berat
1600,1000,964,0.964,12.099817,4.747,30,kongesti berat
1600,1000,976,0.976,12.091226,4.746,34,kongesti berat
1600,1000,976,0.976,12.094928,4.754,27,kongesti berat
1600,1000,964,0.964,12.243974,4.751,27,kongesti berat
1600,1000,976,0.976,11.945607,4.753,27,kongesti berat
1600,1000,964,0.964,12.255424,4.746,31,kongesti berat
1600,1000,976,0.976,11.955943,4.751,27,kongesti berat
1600,1000,976,0.976,12.083893,4.008,27,kongesti berat
1600,1000,964,0.964,12.097024,4.748,27,kongesti berat
1600,1000,976,0.976,12.095137,4.754,28,kongesti berat
1600,1000,964,0.964,12.091995,4.841,28,kongesti berat
1600,1000,976,0.976,12.095627,4.747,27,kongesti berat
1600,1000,976,0.976,12.198992,4.736,27,kongesti berat
1600,1000,964,0.964,11.994426,4.842,34,kongesti berat
1600,1000,976,0.976,12.095556,4.746,34,kongesti berat
1600,1000,964,0.964,12.251862,4.758,27,kongesti berat
1600,1000,976,0.976,11.947842,4.753,27,kongesti berat
1600,1000,976,0.976,12.201157,4.746,27,kongesti berat
1600,1000,964,0.964,11.991982,4.751,27,kongesti berat
1600,1000,976,0.976,12.091017,4.008,27,kongesti berat
1600,1000,976,0.976,12.107849,4.748,27,kongesti berat
2000,1000,964,0.964,12.103418,6.238,47,kongesti berat
2000,1000,976,0.976,12.133101,6.192,47,kongesti berat
2000,1000,964,0.964,12.049716,6.244,42,kongesti berat
2000,1000,976,0.976,12.189881,6.209,42,kongesti berat
2000,1000,976,0.976,12.005989,6.213,46,kongesti berat
2000,1000,964,0.964,12.093718,6.257,47,kongesti berat
2000,1000,976,0.976,12.104047,6.219,42,kongesti berat
2000,1000,976,0.976,12.102021,6.165,42,kongesti berat
2000,1000,964,0.964,12.080929,6.312,42,kongesti berat
2000,1000,976,0.976,12.101602,6.219,42,kongesti berat
2000,1000,964,0.964,12.096853,6.222,42,kongesti berat
2000,1000,976,0.976,12.094338,6.171,42,kongesti berat
2000,1000,976,0.976,12.097972,6.231,42,kongesti berat
2000,1000,964,0.964,12.089659,6.234,42,kongesti berat
2000,1000,976,0.976,12.097412,6.224,50,kongesti berat
2000,1000,964,0.964,12.106072,6.219,48,kongesti berat
2000,1000,976,0.976,12.086656,6.347,48,kongesti berat
2000,1000,976,0.976,12.131913,6.217,42,kongesti berat
2000,1000,964,0.964,12.059348,6.223,47,kongesti berat
2000,1000,976,0.976,12.093541,6.219,47,kongesti berat
2000,1000,964,0.964,12.103348,6.214,42,kongesti berat
2000,1000,976,0.976,12.096434,6.215,42,kongesti berat
2000,1000,976,0.976,12.088472,6.222,47,kongesti berat
2000,1000,964,0.964,12.241146,6.212,47,kongesti berat
2000,1000,976,0.976,11.950953,6.228,42,kongesti berat
2000,1000,964,0.964,12.096015,6.224,42,kongesti berat
2000,1000,976,0.976,12.799117,6.226,47,kongesti berat
2000,1000,976,0.976,11.394665,6.225,47,kongesti berat
2000,1000,964,0.964,12.097272,6.223,42,kongesti berat
2000,1000,976,0.976,12.093578,6.228,42,kongesti berat
2000,1000,964,0.964,12.092593,6.721,46,kongesti berat
2000,1000,976,0.976,12.093919,6.209,47,kongesti berat
2000,1000,976,0.976,12.289057,6.234,42,kongesti berat
2000,1000,964,0.964,11.910027,6.259,42,kongesti berat
2000,1000,976,0.976,12.097062,6.227,42,kongesti berat
2000,1000,976,0.976,12.238981,6.218,42,kongesti berat
2000,1000,964,0.964,11.949137,6.205,42,kongesti berat
2000,1000,976,0.976,12.095736,6.233,42,kongesti berat
2000,1000,964,0.964,12.101951,6.224,42,kongesti berat
2000,1000,976,0.976,14.315443,6.224,42,kongesti berat
2000,1000,976,0.976,12.096573,6.219,50,kongesti berat
2000,1000,964,0.964,12.110961,6.214,48,kongesti berat
2000,1000,976,0.976,12.078345,6.215,48,kongesti berat
2000,1000,964,0.964,12.095944,6.222,42,kongesti berat
2000,1000,976,0.976,12.100555,6.212,46,kongesti berat
2000,1000,976,0.976,12.092453,6.228,42,kongesti berat
2000,1000,964,0.964,12.103418,6.224,42,kongesti berat
2000,1000,976,0.976,12.242123,6.226,42,kongesti berat
2000,1000,976,0.976,11.945436,6.225,42,kongesti berat
2000,1000,964,0.964,12.094059,6.223,42,kongesti berat
2000,1000,976,0.976,12.098328,6.228,50,kongesti berat
2000,1000,964,0.964,12.096294,6.721,48,kongesti berat
2000,1000,976,0.976,12.093989,6.209,48,kongesti berat
2000,1000,976,0.976,12.095177,6.234,42,kongesti berat
2000,1000,964,0.964,12.094897,6.259,48,kongesti berat
2000,1000,976,0.976,12.097132,6.233,42,kongesti berat
2000,1000,964,0.964,12.097342,6.224,46,kongesti berat
2000,1000,976,0.976,12.095107,6.224,42,kongesti berat
2000,1000,964,0.964,12.128351,6.219,42,kongesti berat
2000,1000,976,0.976,12.064656,6.214,42,kongesti berat
400,1000,412,0.412,28.741462,0.174,0,tidak kongesti
400,1000,400,0.4,29.734188,0.181,0,tidak kongesti
400,1000,400,0.4,29.120073,0.235,0,tidak kongesti
400,1000,400,0.4,29.981847,0.155,0,tidak kongesti
400,1000,400,0.4,29.190751,0.184,0,tidak kongesti
400,1000,400,0.4,29.210168,0.199,0,tidak kongesti
400,1000,412,0.412,29.640182,0.165,0,tidak kongesti
400,1000,412,0.412,29.097724,0.174,0,tidak kongesti
400,1000,400,0.4,29.526759,0.201,0,tidak kongesti
400,1000,400,0.4,29.035075,0.218,0,tidak kongesti
400,1000,400,0.4,29.789992,0.191,0,tidak kongesti
400,1000,400,0.4,29.372899,0.186,0,tidak kongesti
400,1000,400,0.4,29.364937,0.196,0,tidak kongesti
400,1000,400,0.4,29.124821,0.241,0,tidak kongesti
400,1000,400,0.4,29.913263,0.218,0,tidak kongesti
400,1000,400,0.4,29.538981,0.211,0,tidak kongesti
400,1000,412,0.412,29.370315,0.203,0,tidak kongesti
400,1000,400,0.4,28.813747,0.174,0,tidak kongesti
400,1000,400,0.4,29.534373,0.151,0,tidak kongesti
400,1000,400,0.4,29.430657,0.207,0,tidak kongesti
400,1000,412,0.412,29.648982,0.203,0,tidak kongesti
400,1000,400,0.4,29.095349,0.183,0,tidak kongesti
400,1000,400,0.4,29.192009,0.237,0,tidak kongesti
400,1000,400,0.4,30.036742,0.225,0,tidak kongesti
400,1000,400,0.4,28.774497,0.183,0,tidak kongesti
400,1000,400,0.4,29.936659,0.219,0,tidak kongesti
400,1000,400,0.4,29.262898,0.227,0,tidak kongesti
400,1000,400,0.4,29.349013,0.168,0,tidak kongesti
400,1000,400,0.4,29.540239,0.155,0,tidak kongesti
400,1000,412,0.412,29.494563,0.162,0,tidak kongesti
400,1000,400,0.4,29.369197,0.161,0,tidak kongesti
400,1000,400,0.4,29.486391,0.199,0,tidak kongesti
400,1000,400,0.4,29.406353,0.198,0,tidak kongesti
400,1000,400,0.4,29.445045,0.225,0,tidak kongesti
400,1000,400,0.4,29.465927,0.182,0,tidak kongesti
400,1000,400,0.4,29.191595,0.195,0,tidak kongesti
400,1000,400,0.4,29.253609,0.167,0,tidak kongesti
400,1000,412,0.412,29.640741,0.169,0,tidak kongesti
400,1000,400,0.4,28.832884,0.201,0,tidak kongesti
400,1000,400,0.4,29.399439,0.172,0,tidak kongesti
400,1000,400,0.4,29.672309,0.191,0,tidak kongesti
400,1000,400,0.4,29.345451,0.225,0,tidak kongesti
400,1000,400,0.4,30.066215,0.216,0,tidak kongesti
400,1000,412,0.412,28.616236,0.208,0,tidak kongesti
400,1000,400,0.4,29.769598,0.094,0,tidak kongesti
400,1000,400,0.4,29.219667,0.145,0,tidak kongesti
400,1000,400,0.4,29.330854,0.186,0,tidak kongesti
400,1000,400,0.4,29.214917,0.239,0,tidak kongesti
400,1000,400,0.4,29.826241,0.232,0,tidak kongesti
400,1000,400,0.4,29.540658,0.164,0,tidak kongesti
400,1000,400,0.4,29.913682,0.164,0,tidak kongesti
400,1000,400,0.4,28.244189,0.213,0,tidak kongesti
400,1000,412,0.412,30.318833,0.229,0,tidak kongesti
400,1000,400,0.4,29.209469,0.147,0,tidak kongesti
400,1000,400,0.4,28.800687,0.179,0,tidak kongesti
400,1000,400,0.4,29.431915,0.171,0,tidak kongesti
400,1000,400,0.4,29.607776,0.153,0,tidak kongesti
400,1000,412,0.412,28.999246,0.165,0,tidak kongesti
400,1000,400,0.4,29.440575,0.201,0,tidak kongesti
400,1000,400,0.4,29.954273,0.223,0,tidak kongesti
800,1000,811,0.811,14.372614,0.182,0,kongesti
800,1000,800,0.8,14.344957,0.237,0,tidak kongesti
800,1000,800,0.8,15.443634,0.204,0,tidak kongesti
800,1000,811,0.811,14.718888,0.189,0,kongesti
800,1000,800,0.8,14.274836,0.175,0,tidak kongesti
800,1000,800,0.8,14.532341,0.153,0,tidak kongesti
800,1000,800,0.8,15.202052,0.151,0,tidak kongesti
800,1000,800,0.8,14.461941,0.199,0,tidak kongesti
800,1000,800,0.8,14.948667,0.217,0,tidak kongesti
800,1000,800,0.8,14.092061,0.201,0,tidak kongesti
800,1000,800,0.8,15.353747,0.244,0,tidak kongesti
800,1000,800,0.8,14.328614,0.231,0,tidak kongesti
800,1000,800,0.8,14.551967,0.153,0,tidak kongesti
800,1000,800,0.8,14.625589,0.196,0,tidak kongesti
800,1000,811,0.811,15.115448,0.147,0,kongesti
800,1000,800,0.8,14.377503,0.181,0,tidak kongesti
800,1000,800,0.8,14.941892,0.178,0,tidak kongesti
800,1000,800,0.8,14.915702,0.146,0,tidak kongesti
800,1000,800,0.8,14.506512,0.174,0,tidak kongesti
800,1000,811,0.811,14.694514,0.174,0,kongesti
800,1000,800,0.8,14.688158,0.201,0,tidak kongesti
800,1000,800,0.8,14.287128,0.196,0,tidak kongesti
800,1000,800,0.8,15.083251,0.153,0,tidak kongesti
800,1000,811,0.811,14.314226,0.128,0,kongesti
800,1000,800,0.8,15.074591,0.164,0,tidak kongesti
800,1000,800,0.8,15.100922,0.169,0,tidak kongesti
800,1000,800,0.8,14.206678,0.152,0,tidak kongesti
800,1000,800,0.8,15.160985,0.188,0,tidak kongesti
800,1000,800,0.8,14.443713,0.161,0,tidak kongesti
800,1000,800,0.8,14.352989,0.161,0,tidak kongesti
800,1000,800,0.8,14.924222,0.178,0,tidak kongesti
800,1000,811,0.811,14.529268,0.181,0,kongesti
800,1000,800,0.8,14.995959,0.206,0,tidak kongesti
800,1000,800,0.8,17.685476,0.189,0,tidak kongesti
800,1000,800,0.8,11.533487,0.191,0,tidak kongesti
800,1000,800,0.8,14.414115,0.151,0,tidak kongesti
800,1000,800,0.8,14.683548,0.204,0,tidak kongesti
800,1000,811,0.811,14.747523,0.207,0,kongesti
800,1000,800,0.8,14.578996,0.145,0,tidak kongesti
800,1000,800,0.8,14.754717,0.196,0,tidak kongesti
800,1000,800,0.8,15.292287,0.227,0,tidak kongesti
800,1000,800,0.8,14.786425,0.221,0,tidak kongesti
800,1000,800,0.8,14.032136,0.173,0,tidak kongesti
800,1000,800,0.8,15.511939,0.198,0,tidak kongesti
800,1000,800,0.8,14.042264,0.225,0,tidak kongesti
800,1000,811,0.811,15.452084,0.168,0,kongesti
800,1000,811,0.811,14.331268,0.174,0,kongesti
800,1000,800,0.8,14.268485,0.209,0,tidak kongesti
800,1000,800,0.8,14.892375,0.239,0,tidak kongesti
800,1000,800,0.8,14.729364,0.157,0,tidak kongesti
800,1000,800,0.8,14.512367,0.202,0,tidak kongesti
800,1000,800,0.8,14.742285,0.228,0,tidak kongesti
800,1000,800,0.8,15.117474,0.172,0,tidak kongesti
800,1000,800,0.8,14.162181,0.165,0,tidak kongesti
800,1000,800,0.8,14.799625,0.241,0,tidak kongesti
800,1000,800,0.8,14.925829,0.178,0,tidak kongesti
800,1000,811,0.811,14.382601,0.184,0,kongesti
800,1000,800,0.8,14.849143,0.189,0,tidak kongesti
800,1000,800,0.8,14.983378,0.192,0,tidak kongesti
800,1000,800,0.8,14.104213,0.189,0,tidak kongesti
1200,1000,976,0.976,12.094445,2.296,11,kongesti berat
1200,1000,964,0.964,12.240553,2.298,11,kongesti berat
1200,1000,976,0.976,12.032915,2.351,11,kongesti berat
1200,1000,976,0.976,12.015804,2.291,11,kongesti berat
1200,1000,964,0.964,12.101087,2.308,10,kongesti berat
1200,1000,976,0.976,12.136354,2.353,11,kongesti berat
1200,1000,964,0.964,12.052051,2.307,11,kongesti berat
1200,1000,976,0.976,12.098706,2.298,11,kongesti berat
1200,1000,976,0.976,12.195645,2.422,9,kongesti berat
1200,1000,964,0.964,11.116206,2.253,9,kongesti berat
1200,1000,976,0.976,12.237271,2.383,11,kongesti berat
1200,1000,976,0.976,11.947219,2.309,11,kongesti berat
1200,1000,964,0.964,12.246211,2.291,8.9,kongesti berat
1200,1000,976,0.976,12.156814,2.297,11,kongesti berat
1200,1000,964,0.964,11.889879,2.389,11,kongesti berat
1200,1000,976,0.976,12.103245,2.307,8.5,kongesti berat
1200,1000,976,0.976,12.237696,2.302,8.9,kongesti berat
1200,1000,964,0.964,11.956718,2.293,11,kongesti berat
1200,1000,976,0.976,12.088718,2.238,11,kongesti berat
1200,1000,964,0.964,12.105621,2.308,11,kongesti berat
1200,1000,976,0.976,12.087741,2.298,11,kongesti berat
1200,1000,976,0.976,12.091791,2.311,11,kongesti berat
1200,1000,964,0.964,12.162401,2.334,11,kongesti berat
1200,1000,976,0.976,12.046813,2.294,11,kongesti berat
1200,1000,964,0.964,12.074826,2.311,11,kongesti berat
1200,1000,976,0.976,12.098286,2.296,10,kongesti berat
1200,1000,976,0.976,12.101516,2.361,10,kongesti berat
1200,1000,964,0.964,12.099753,2.313,10.4,kongesti berat
1200,1000,976,0.976,12.228546,2.298,11,kongesti berat
1200,1000,976,0.976,12.109671,2.314,11,kongesti berat
1200,1000,964,0.964,12.095772,2.348,11,kongesti berat
1200,1000,976,0.976,12.090814,2.286,11,kongesti berat
1200,1000,964,0.964,11.965867,2.291,11,kongesti berat
1200,1000,976,0.976,12.102197,2.333,11,kongesti berat
1200,1000,976,0.976,12.220239,2.339,11,kongesti berat
1200,1000,964,0.964,12.091582,2.312,11,kongesti berat
1200,1000,976,0.976,11.956299,2.366,11,kongesti berat
1200,1000,964,0.964,12.098426,2.294,11,kongesti berat
1200,1000,976,0.976,12.089346,2.301,11,kongesti berat
1200,1000,976,0.976,12.104293,2.428,10,kongesti berat
1200,1000,964,0.964,12.091512,2.302,9,kongesti berat
1200,1000,976,0.976,12.238598,2.308,9,kongesti berat
1200,1000,976,0.976,11.956578,2.214,9,kongesti berat
1200,1000,964,0.964,12.237551,2.291,9,kongesti berat
1200,1000,976,0.976,11.949943,2.294,11,kongesti berat
1200,1000,964,0.964,12.091581,2.337,11,kongesti berat
1200,1000,976,0.976,12.260389,2.293,11,kongesti berat
1200,1000,964,0.964,11.932762,2.298,11,kongesti berat
1200,1000,976,0.976,12.249004,2.288,11,kongesti berat
1200,1000,976,0.976,11.943728,2.298,11,kongesti berat
1200,1000,964,0.964,12.107086,2.298,11,kongesti berat
1200,1000,976,0.976,12.090534,2.302,11,kongesti berat
1200,1000,964,0.964,12.093049,2.294,8.9,kongesti berat
1200,1000,976,0.976,12.168058,2.293,9,kongesti berat
1200,1000,976,0.976,12.028654,2.298,9,kongesti berat
1200,1000,976,0.964,12.239646,2.312,10,kongesti berat
1200,1000,964,0.964,12.098286,2.302,11,tidak kongesti
1200,1000,976,0.976,11.944496,2.679,11,tidak kongesti
1200,1000,964,0.964,12.106318,2.354,11,kongesti berat
1200,1000,976,0.976,12.240624,2.339,11,kongesti berat
1600,1000,976,0.976,12.079842,4.766,27,kongesti berat
1600,1000,976,0.976,12.099887,4.751,27,kongesti berat
1600,1000,964,0.964,12.099957,4.751,27,kongesti berat
1600,1000,976,0.976,12.244807,4.754,27,kongesti berat
1600,1000,964,0.964,12.091716,4.754,34,kongesti berat
1600,1000,976,0.976,11.951753,4.766,30,kongesti berat
1600,1000,976,0.976,12.094439,4.762,27,kongesti berat
1600,1000,964,0.964,12.245576,4.749,27,kongesti berat
1600,1000,976,0.976,11.939252,4.759,27,kongesti berat
1600,1000,964,0.964,12.103239,4.748,27,kongesti berat
1600,1000,976,0.976,12.249068,4.748,29,kongesti berat
1600,1000,976,0.976,12.089201,4.759,27,kongesti berat
1600,1000,964,0.964,12.092065,4.736,27,kongesti berat
1600,1000,976,0.976,12.107294,4.696,27,kongesti berat
1600,1000,964,0.964,11.940299,4.768,28,kongesti berat
1600,1000,976,0.976,12.190401,4.735,27,kongesti berat
1600,1000,976,0.976,12.000014,4.752,27,kongesti berat
1600,1000,964,0.964,12.096884,4.787,27,kongesti berat
1600,1000,976,0.976,12.105264,4.748,27,kongesti berat
1600,1000,976,0.976,12.228605,4.749,27,kongesti berat
1600,1000,964,0.964,11.971867,4.881,31,kongesti berat
1600,1000,976,0.976,12.232656,4.756,31,kongesti berat
1600,1000,964,0.964,12.107016,4.748,28,kongesti berat
1600,1000,976,0.976,12.082567,4.816,27,kongesti berat
1600,1000,976,0.976,11.945956,4.761,27,kongesti berat
1600,1000,964,0.964,12.092344,4.753,27,kongesti berat
1600,1000,976,0.976,12.215335,4.875,27,kongesti berat
1600,1000,964,0.964,12.009791,4.751,27,kongesti berat
1600,1000,976,0.976,12.063011,4.741,27,kongesti berat
1600,1000,976,0.976,12.098699,4.696,27,kongesti berat
1600,1000,964,0.964,12.239368,4.768,27,kongesti berat
1600,1000,976,0.976,11.951893,4.735,34,kongesti berat
1600,1000,964,0.964,12.088642,4.829,30,kongesti berat
1600,1000,976,0.976,12.098002,4.748,27,kongesti berat
1600,1000,964,0.964,12.102825,4.746,27,kongesti berat
1600,1000,976,0.976,12.095906,4.749,27,kongesti berat
1600,1000,976,0.976,12.233004,4.748,27,kongesti berat
1600,1000,964,0.964,12.110783,4.748,29,kongesti berat
1600,1000,976,0.976,11.942254,4.724,30,kongesti berat
1600,1000,964,0.964,12.106662,4.762,27,kongesti berat
1600,1000,976,0.976,12.252141,4.747,27,kongesti berat
1600,1000,964,0.964,11.932686,4.763,27,kongesti berat
1600,1000,976,0.976,12.101633,4.751,27,kongesti berat
1600,1000,964,0.964,12.241735,4.735,27,kongesti berat
1600,1000,964,0.964,12.092414,4.752,31,kongesti berat
1600,1000,976,0.976,11.940439,4.787,31,kongesti berat
1600,1000,964,0.964,12.252421,4.748,31,kongesti berat
1600,1000,976,0.976,11.949588,4.749,31,kongesti berat
1600,1000,976,0.976,12.088642,4.881,27,kongesti berat
1600,1000,964,0.964,12.259614,4.756,27,kongesti berat
1600,1000,976,0.976,12.085368,4.748,27,kongesti berat
1600,1000,964,0.964,11.951684,4.816,27,kongesti berat
1600,1000,976,0.976,12.334065,4.761,27,kongesti berat
1600,1000,976,0.976,12.001341,4.753,34,kongesti berat
1600,1000,976,0.976,12.102192,4.875,30,kongesti berat
1600,1000,964,0.964,12.086757,4.751,27,kongesti berat
1600,1000,976,0.976,11.949797,4.741,27,kongesti berat
1600,1000,976,0.976,12.097652,4.696,27,kongesti berat
1600,1000,964,0.964,12.089837,4.768,27,kongesti berat
1600,1000,976,0.976,12.270859,4.735,29,kongesti berat
2000,1000,976,0.976,12.100764,6.223,42,kongesti berat
2000,1000,964,0.964,12.093919,6.211,42,kongesti berat
2000,1000,976,0.976,12.095875,6.229,42,kongesti berat
2000,1000,976,0.976,12.094478,6.218,42,kongesti berat
2000,1000,964,0.964,12.090428,6.219,42,kongesti berat
2000,1000,976,0.976,12.097551,6.221,42,kongesti berat
2000,1000,964,0.964,12.099297,6.216,47,kongesti berat
2000,1000,976,0.976,12.092802,6.211,47,kongesti berat
2000,1000,976,0.976,12.140504,6.229,42,kongesti berat
2000,1000,964,0.964,12.053691,6.219,42,kongesti berat
2000,1000,976,0.976,12.094548,6.221,46,kongesti berat
2000,1000,964,0.964,12.097272,6.237,47,kongesti berat
2000,1000,976,0.976,12.097697,6.217,42,kongesti berat
2000,1000,976,0.976,12.094199,6.229,42,kongesti berat
2000,1000,964,0.964,12.099088,6.239,42,kongesti berat
2000,1000,976,0.976,12.093151,6.211,42,kongesti berat
2000,1000,964,0.964,12.098254,6.363,42,kongesti berat
2000,1000,976,0.976,12.089449,6.258,42,kongesti berat
2000,1000,976,0.976,12.100904,6.227,42,kongesti berat
2000,1000,964,0.964,12.093785,6.232,42,kongesti berat
2000,1000,976,0.976,12.217609,6.298,48,kongesti berat
2000,1000,964,0.964,11.971417,6.228,48,kongesti berat
2000,1000,976,0.976,12.101253,6.213,42,kongesti berat
2000,1000,976,0.976,12.094338,6.357,46,kongesti berat
2000,1000,964,0.964,12.097272,6.219,42,kongesti berat
2000,1000,976,0.976,12.094548,6.257,42,kongesti berat
2000,1000,976,0.976,12.109006,6.219,42,kongesti berat
2000,1000,964,0.964,12.226269,6.165,42,kongesti berat
2000,1000,976,0.976,11.959544,6.312,42,kongesti berat
2000,1000,964,0.964,12.088751,6.219,50,kongesti berat
2000,1000,976,0.976,12.099716,6.222,48,kongesti berat
2000,1000,976,0.976,12.093291,6.171,48,kongesti berat
2000,1000,964,0.964,12.096085,6.231,42,kongesti berat
2000,1000,976,0.976,12.095945,6.234,48,kongesti berat
2000,1000,964,0.964,12.097551,6.224,42,kongesti berat
2000,1000,976,0.976,12.095386,6.219,46,kongesti berat
2000,1000,976,0.976,12.096643,6.347,42,kongesti berat
2000,1000,964,0.964,12.091266,6.217,42,kongesti berat
2000,1000,976,0.976,12.093919,6.223,42,kongesti berat
2000,1000,964,0.964,12.111381,6.219,42,kongesti berat
2000,1000,976,0.976,12.233463,6.214,42,kongesti berat
2000,1000,976,0.976,11.949906,6.215,42,kongesti berat
2000,1000,964,0.964,12.096155,6.222,50,kongesti berat
2000,1000,976,0.976,12.094478,6.212,48,kongesti berat
2000,1000,976,0.976,12.097551,6.228,48,kongesti berat
2000,1000,964,0.964,12.093151,6.224,42,kongesti berat
2000,1000,976,0.976,12.099367,6.226,48,kongesti berat
2000,1000,964,0.964,12.093431,6.219,42,kongesti berat
2000,1000,976,0.976,12.100275,6.165,46,kongesti berat
2000,1000,976,0.976,12.162993,6.312,42,kongesti berat
2000,1000,964,0.964,12.105792,6.219,42,kongesti berat
2000,1000,976,0.976,12.022262,6.222,42,kongesti berat
2000,1000,964,0.964,12.089101,6.171,42,kongesti berat
2000,1000,976,0.976,12.096852,6.231,42,kongesti berat
2000,1000,976,0.976,12.099996,6.234,42,kongesti berat
2000,1000,964,0.964,12.094408,6.224,42,kongesti berat
2000,1000,976,0.976,12.181152,6.219,42,kongesti berat
2000,1000,976,0.976,12.009062,6.347,42,kongesti berat
2000,1000,964,0.964,12.096713,6.217,42,kongesti berat
2000,1000,964,0.964,12.094618,6.223,47,kongesti berat
400,1000,412,0.412,29.337419,0.174,0,tidak kongesti
400,1000,400,0.4,29.108758,0.216,0,tidak kongesti
400,1000,400,0.4,29.681807,0.154,0,tidak kongesti
400,1000,400,0.4,29.236569,0.165,0,tidak kongesti
400,1000,400,0.4,29.416829,0.123,0,tidak kongesti
400,1000,400,0.4,29.711211,0.178,0,tidak kongesti
400,1000,400,0.4,28.856634,0.149,0,tidak kongesti
400,1000,400,0.4,29.645699,0.148,0,tidak kongesti
400,1000,400,0.4,29.538912,0.167,0,tidak kongesti
400,1000,412,0.412,29.283502,0.136,0,tidak kongesti
400,1000,412,0.412,29.164981,0.105,0,tidak kongesti
400,1000,400,0.4,29.769669,0.101,0,tidak kongesti
400,1000,400,0.4,29.229583,0.146,0,tidak kongesti
400,1000,400,0.4,29.606729,0.119,0,tidak kongesti
400,1000,400,0.4,28.892319,0.149,0,tidak kongesti
400,1000,400,0.4,29.362283,0.183,0,tidak kongesti
400,1000,400,0.4,29.564124,0.115,0,tidak kongesti
400,1000,400,0.4,29.220225,0.121,0,tidak kongesti
400,1000,400,0.4,29.964666,0.182,0,tidak kongesti
400,1000,400,0.4,29.046326,0.127,0,tidak kongesti
400,1000,412,0.412,29.486674,0.191,0,tidak kongesti
400,1000,400,0.4,29.110365,0.146,0,tidak kongesti
400,1000,400,0.4,30.071174,0.151,0,tidak kongesti
400,1000,400,0.4,28.990936,0.151,0,tidak kongesti
400,1000,400,0.4,29.619159,0.037,0,tidak kongesti
400,1000,400,0.4,29.118886,0.127,0,tidak kongesti
400,1000,400,0.4,29.604423,0.165,0,tidak kongesti
400,1000,412,0.412,29.199203,0.195,0,tidak kongesti
400,1000,400,0.4,29.137113,0.132,0,tidak kongesti
400,1000,400,0.4,29.767085,0.193,0,tidak kongesti
400,1000,400,0.4,29.635014,0.159,0,tidak kongesti
400,1000,400,0.4,29.433241,0.188,0,tidak kongesti
400,1000,400,0.4,29.448188,0.146,0,tidak kongesti
400,1000,400,0.4,29.266461,0.159,0,tidak kongesti
400,1000,400,0.4,29.130269,0.208,0,tidak kongesti
400,1000,400,0.4,29.983523,0.152,0,tidak kongesti
400,1000,412,0.412,28.926611,0.118,0,tidak kongesti
400,1000,400,0.4,29.670773,0.197,0,tidak kongesti
400,1000,400,0.4,29.355159,0.131,0,tidak kongesti
400,1000,412,0.412,29.375413,0.092,0,tidak kongesti
400,1000,400,0.4,28.888408,0.174,0,tidak kongesti
400,1000,400,0.4,30.018933,0.152,0,tidak kongesti
400,1000,400,0.4,29.426746,0.152,0,tidak kongesti
400,1000,400,0.4,29.220505,0.199,0,tidak kongesti
400,1000,400,0.4,28.996872,0.196,0,tidak kongesti
400,1000,400,0.4,29.979612,0.159,0,tidak kongesti
400,1000,400,0.4,29.281406,0.136,0,tidak kongesti
400,1000,412,0.412,29.217501,0.126,0,tidak kongesti
400,1000,400,0.4,29.651846,0.152,0,tidak kongesti
400,1000,400,0.4,29.617624,0.138,0,tidak kongesti
400,1000,400,0.4,28.551352,0.189,0,tidak kongesti
400,1000,400,0.4,29.394691,0.147,0,tidak kongesti
400,1000,400,0.4,29.752138,0.187,0,tidak kongesti
400,1000,400,0.4,29.526201,0.208,0,tidak kongesti
400,1000,412,0.412,29.292162,0.248,0,tidak kongesti
400,1000,400,0.4,29.111979,0.143,0,tidak kongesti
400,1000,400,0.4,29.916965,0.109,0,tidak kongesti
400,1000,400,0.4,29.294885,0.098,0,tidak kongesti
400,1000,400,0.4,29.726507,0.207,0,tidak kongesti
400,1000,400,0.4,28.813608,0.128,0,tidak kongesti
800,1000,811,0.811,14.975975,0.146,0,kongesti
800,1000,800,0.8,14.681802,0.123,0,tidak kongesti
800,1000,811,0.811,15.986232,0.161,0,kongesti
800,1000,800,0.8,13.495894,0.176,0,tidak kongesti
800,1000,800,0.8,14.512576,0.191,0,tidak kongesti
800,1000,800,0.8,15.108464,0.161,0,tidak kongesti
800,1000,800,0.8,14.872685,0.154,0,tidak kongesti
800,1000,800,0.8,14.225458,0.169,0,tidak kongesti
800,1000,800,0.8,15.114331,0.187,0,tidak kongesti
800,1000,800,0.8,14.695841,0.144,0,tidak kongesti
800,1000,811,0.811,14.135362,0.167,0,kongesti
800,1000,811,0.811,14.705066,0.263,0,kongesti
800,1000,811,0.811,14.675098,0.163,0,kongesti
800,1000,800,0.8,14.809752,0.196,0,tidak kongesti
800,1000,800,0.8,15.050565,0.145,0,tidak kongesti
800,1000,800,0.8,14.811428,0.124,0,tidak kongesti
800,1000,800,0.8,14.809473,0.127,0,tidak kongesti
800,1000,800,0.8,14.869955,0.164,0,tidak kongesti
800,1000,800,0.8,14.900546,0.167,0,tidak kongesti
800,1000,800,0.8,14.475848,0.172,0,tidak kongesti
800,1000,800,0.8,14.120556,0.186,0,tidak kongesti
800,1000,800,0.8,14.491415,0.203,0,tidak kongesti
800,1000,800,0.8,15.076476,0.121,0,tidak kongesti
800,1000,811,0.811,14.595758,0.181,0,kongesti
800,1000,800,0.8,15.028915,0.144,0,tidak kongesti
800,1000,800,0.8,14.536602,0.181,0,tidak kongesti
800,1000,800,0.8,14.791313,0.145,0,tidak kongesti
800,1000,800,0.8,14.946851,0.247,0,tidak kongesti
800,1000,800,0.8,14.231674,0.144,0,tidak kongesti
800,1000,811,0.811,14.548266,0.133,0,kongesti
800,1000,800,0.8,14.632494,0.185,0,tidak kongesti
800,1000,800,0.8,14.755066,0.126,0,tidak kongesti
800,1000,811,0.811,15.020115,0.183,0,kongesti
800,1000,800,0.8,14.703104,0.164,0,tidak kongesti
800,1000,800,0.8,14.328963,0.162,0,tidak kongesti
800,1000,800,0.8,15.009568,0.206,0,tidak kongesti
800,1000,800,0.8,14.796273,0.151,0,tidak kongesti
800,1000,800,0.8,14.146747,0.146,0,tidak kongesti
800,1000,811,0.811,15.125715,0.197,0,kongesti
800,1000,800,0.8,14.688856,0.159,0,tidak kongesti
800,1000,811,0.811,14.638431,0.191,0,kongesti
800,1000,800,0.8,15.013416,0.161,0,tidak kongesti
800,1000,800,0.8,14.353058,0.165,0,tidak kongesti
800,1000,800,0.8,14.827073,0.178,0,tidak kongesti
800,1000,800,0.8,14.897403,0.188,0,tidak kongesti
800,1000,800,0.8,14.055743,0.195,0,tidak kongesti
800,1000,811,0.811,14.656031,0.164,0,kongesti
800,1000,800,0.8,14.854101,0.206,0,tidak kongesti
800,1000,800,0.8,15.055595,0.181,0,tidak kongesti
800,1000,800,0.8,14.451534,0.187,0,tidak kongesti
800,1000,800,0.8,14.662806,0.128,0,tidak kongesti
800,1000,800,0.8,15.152604,0.197,0,tidak kongesti
800,1000,800,0.8,14.832101,0.172,0,tidak kongesti
800,1000,800,0.8,13.953216,0.176,0,tidak kongesti
800,1000,811,0.811,15.298363,0.245,0,kongesti
800,1000,800,0.8,14.734603,0.221,0,tidak kongesti
800,1000,800,0.8,14.539535,0.142,0,tidak kongesti
800,1000,800,0.8,14.406906,0.217,0,tidak kongesti
800,1000,800,0.8,14.957677,0.141,0,tidak kongesti
800,1000,811,0.811,14.754786,0.155,0,kongesti
1200,1000,976,0.976,11.975714,2.321,11,kongesti berat
1200,1000,964,0.964,12.192992,2.286,11,kongesti berat
1200,1000,976,0.976,11.968241,2.291,11,kongesti berat
1200,1000,976,0.976,12.088579,2.294,9,kongesti berat
1200,1000,964,0.964,12.095283,2.346,11,kongesti berat
1200,1000,976,0.976,12.158495,2.306,11,kongesti berat
1200,1000,964,0.964,12.035709,2.319,10,kongesti berat
1200,1000,976,0.976,12.214223,2.318,11,kongesti berat
1200,1000,976,0.976,11.978508,2.317,8.9,kongesti berat
1200,1000,964,0.964,12.112465,2.318,8.5,kongesti berat
1200,1000,976,0.976,12.076705,2.376,11,kongesti berat
1200,1000,976,0.976,12.096191,2.354,11,kongesti berat
1200,1000,964,0.964,12.247259,2.331,11,kongesti berat
1200,1000,976,0.976,11.949244,2.309,11,kongesti berat
1200,1000,964,0.964,12.243976,2.294,11,kongesti berat
1200,1000,976,0.976,12.089207,2.341,11,kongesti berat
1200,1000,976,0.976,12.110509,2.298,11,kongesti berat
1200,1000,964,0.964,11.940096,2.299,9,kongesti berat
1200,1000,976,0.976,12.244185,2.366,9,kongesti berat
1200,1000,964,0.964,11.946871,2.302,9,kongesti berat
1200,1000,976,0.976,12.097728,2.382,10,kongesti berat
1200,1000,976,0.976,12.204446,2.413,10.5,kongesti berat
1200,1000,964,0.964,12.089975,2.372,10.4,kongesti berat
1200,1000,976,0.976,11.990521,2.307,9.7,kongesti berat
1200,1000,976,0.976,12.099055,2.312,9.8,kongesti berat
1200,1000,964,0.964,12.233988,2.363,9,kongesti berat
1200,1000,976,0.976,12.104293,2.267,8.9,kongesti berat
1200,1000,964,0.964,11.951276,2.297,8.9,kongesti berat
1200,1000,976,0.976,12.242168,2.543,11,kongesti berat
1200,1000,976,0.976,12.095074,2.302,11,kongesti berat
1200,1000,964,0.964,11.949035,2.322,11,kongesti berat
1200,1000,976,0.976,12.101297,2.331,11,kongesti berat
1200,1000,964,0.964,12.238458,2.311,11,kongesti berat
1200,1000,976,0.976,11.953575,2.316,11,kongesti berat
1200,1000,976,0.976,12.089487,2.299,11,kongesti berat
1200,1000,964,0.964,12.105829,2.343,8.7,kongesti berat
1200,1000,976,0.976,12.239855,2.301,8.6,kongesti berat
1200,1000,964,0.964,12.086274,2.321,8.6,kongesti berat
1200,1000,976,0.976,11.955321,2.311,10,kongesti berat
1200,1000,976,0.976,12.094655,2.419,10,kongesti berat
1200,1000,964,0.964,12.092699,2.319,11,kongesti berat
1200,1000,976,0.976,12.243766,2.384,11,kongesti berat
1200,1000,976,0.976,12.117144,2.289,11,kongesti berat
1200,1000,964,0.964,11.939886,2.323,11,kongesti berat
1200,1000,976,0.976,12.205004,2.299,10,kongesti berat
1200,1000,964,0.964,11.966356,2.326,11,kongesti berat
1200,1000,976,0.976,12.179722,2.345,11,kongesti berat
1200,1000,976,0.976,12.056661,2.279,11,kongesti berat
1200,1000,964,0.964,12.063645,2.389,9,kongesti berat
1200,1000,976,0.976,12.095144,2.374,9,kongesti berat
1200,1000,964,0.964,12.092001,2.296,11,kongesti berat
1200,1000,976,0.976,12.097867,2.287,11,kongesti berat
1200,1000,976,0.976,12.243836,2.338,11,kongesti berat
1200,1000,976,0.976,11.945334,2.302,11,kongesti berat
1200,1000,964,0.964,12.242579,2.297,11,kongesti berat
1200,1000,976,0.976,12.098775,4.717,8.5,kongesti berat
1200,1000,964,0.964,12.101709,2.306,8.9,kongesti berat
1200,1000,976,0.976,12.097798,2.395,11,kongesti berat
1200,1000,964,0.964,12.088788,2.319,11,kongesti berat
1200,1000,976,0.976,12.098984,2.314,11,kongesti berat
1600,1000,976,0.976,12.078794,4.738,27,kongesti berat
1600,1000,976,0.976,11.950008,4.751,27,kongesti berat
1600,1000,964,0.964,12.086617,4.749,27,kongesti berat
1600,1000,976,0.976,12.253538,4.757,34,kongesti berat
1600,1000,964,0.964,12.086267,4.756,30,kongesti berat
1600,1000,976,0.976,12.123494,4.756,27,kongesti berat
1600,1000,976,0.976,12.085988,4.759,27,kongesti berat
1600,1000,964,0.964,12.120422,4.766,27,kongesti berat
1600,1000,976,0.976,11.905798,4.746,27,kongesti berat
1600,1000,964,0.964,12.188865,4.754,29,kongesti berat
1600,1000,976,0.976,12.006169,4.745,30,kongesti berat
1600,1000,976,0.976,12.100375,4.755,27,kongesti berat
1600,1000,964,0.964,12.101354,4.764,27,kongesti berat
1600,1000,976,0.976,12.234331,4.755,27,kongesti berat
1600,1000,964,0.964,11.948331,4.747,27,kongesti berat
1600,1000,976,0.976,12.090048,4.767,27,kongesti berat
1600,1000,976,0.976,12.092833,4.749,31,kongesti berat
1600,1000,964,0.964,12.104706,4.763,31,kongesti berat
1600,1000,976,0.976,12.088851,4.772,31,kongesti berat
1600,1000,964,0.964,12.096116,4.759,31,kongesti berat
1600,1000,976,0.976,12.248579,4.757,27,kongesti berat
1600,1000,964,0.964,12.069087,4.801,27,kongesti berat
1600,1000,976,0.976,11.982204,4.734,27,kongesti berat
1600,1000,976,0.976,12.243621,4.757,28,kongesti berat
1600,1000,964,0.964,11.941277,4.823,28,kongesti berat
1600,1000,976,0.976,12.102191,4.748,27,kongesti berat
1600,1000,976,0.976,12.266181,4.181,27,kongesti berat
1600,1000,964,0.964,12.067695,4.748,34,kongesti berat
1600,1000,976,0.976,12.053442,4.754,34,kongesti berat
1600,1000,964,0.964,11.991283,4.841,27,kongesti berat
1600,1000,976,0.976,12.094998,4.747,27,kongesti berat
1600,1000,976,0.976,12.249138,4.736,27,kongesti berat
1600,1000,964,0.964,11.951335,4.842,27,kongesti berat
1600,1000,976,0.976,12.089899,4.746,27,kongesti berat
1600,1000,976,0.976,12.106173,4.758,27,kongesti berat
1600,1000,964,0.964,12.263874,4.788,27,kongesti berat
1600,1000,976,0.976,11.949449,4.747,27,kongesti berat
1600,1000,976,0.976,12.214077,4.746,29,kongesti berat
1600,1000,964,0.964,12.093532,4.754,27,kongesti berat
1600,1000,976,0.976,12.097302,4.764,27,kongesti berat
1600,1000,964,0.964,11.946027,4.737,27,kongesti berat
1600,1000,976,0.976,12.241315,4.739,28,kongesti berat
1600,1000,976,0.976,12.104986,4.749,27,kongesti berat
1600,1000,964,0.964,11.942185,4.753,27,kongesti berat
1600,1000,976,0.976,12.100725,4.755,27,kongesti berat
1600,1000,964,0.964,12.093882,4.753,27,kongesti berat
1600,1000,976,0.976,12.249557,4.747,27,kongesti berat
1600,1000,976,0.976,12.036401,4.738,31,kongesti berat
1600,1000,964,0.964,12.012934,4.766,31,kongesti berat
1600,1000,976,0.976,12.082287,4.746,28,kongesti berat
1600,1000,964,0.964,12.101913,4.751,27,kongesti berat
1600,1000,976,0.976,12.081099,4.753,27,kongesti berat
1600,1000,976,0.976,12.095836,4.788,27,kongesti berat
1600,1000,964,0.964,12.104566,4.747,31,kongesti berat
1600,1000,976,0.976,12.095068,4.746,27,kongesti berat
1600,1000,976,0.976,12.089341,4.754,27,kongesti berat
1600,1000,964,0.964,12.102122,4.764,27,kongesti berat
1600,1000,976,0.976,12.092484,4.737,28,kongesti berat
1600,1000,964,0.964,12.098287,4.755,28,kongesti berat
1600,1000,964,0.964,12.091995,4.753,27,kongesti berat
2000,1000,976,0.976,12.097691,6.214,48,kongesti berat
2000,1000,976,0.976,12.108586,6.219,42,kongesti berat
2000,1000,964,0.964,12.080929,6.231,46,kongesti berat
2000,1000,976,0.976,12.097551,6.225,42,kongesti berat
2000,1000,964,0.964,12.107748,6.225,42,kongesti berat
2000,1000,976,0.976,12.083094,6.217,42,kongesti berat
2000,1000,976,0.976,12.098044,6.233,42,kongesti berat
2000,1000,964,0.964,12.094967,6.231,42,kongesti berat
2000,1000,976,0.976,12.094688,6.225,42,kongesti berat
2000,1000,964,0.964,12.101393,6.228,42,kongesti berat
2000,1000,976,0.976,12.092383,6.246,42,kongesti berat
2000,1000,976,0.976,12.094897,6.227,42,kongesti berat
2000,1000,964,0.964,12.099716,6.226,42,kongesti berat
2000,1000,976,0.976,12.091336,6.281,47,kongesti berat
2000,1000,964,0.964,12.103836,6.223,47,kongesti berat
2000,1000,976,0.976,12.088891,6.254,42,kongesti berat
2000,1000,976,0.976,12.097342,6.291,42,kongesti berat
2000,1000,964,0.964,12.095177,6.224,46,kongesti berat
2000,1000,976,0.976,12.094897,6.228,42,kongesti berat
2000,1000,964,0.964,12.099297,6.217,42,kongesti berat
2000,1000,976,0.976,12.089729,6.233,42,kongesti berat
2000,1000,976,0.976,12.095875,6.231,42,kongesti berat
2000,1000,964,0.964,12.100485,6.225,42,kongesti berat
2000,1000,976,0.976,12.111449,6.225,42,kongesti berat
2000,1000,964,0.964,12.114453,6.232,50,kongesti berat
2000,1000,976,0.976,12.061024,6.204,48,kongesti berat
2000,1000,964,0.964,12.099228,6.219,48,kongesti berat
2000,1000,976,0.976,12.094757,6.221,42,kongesti berat
2000,1000,976,0.976,12.095875,6.209,48,kongesti berat
2000,1000,964,0.964,12.091964,6.219,42,kongesti berat
2000,1000,976,0.976,12.098948,6.207,46,kongesti berat
2000,1000,976,0.976,12.173679,6.229,42,kongesti berat
2000,1000,964,0.964,12.023798,6.218,42,kongesti berat
2000,1000,976,0.976,12.087285,6.204,42,kongesti berat
2000,1000,964,0.964,12.098459,6.212,42,kongesti berat
2000,1000,976,0.976,12.096224,6.222,46,kongesti berat
2000,1000,964,0.964,12.096085,6.224,47,kongesti berat
2000,1000,976,0.976,12.096713,6.211,42,kongesti berat
2000,1000,976,0.976,12.094967,6.221,42,kongesti berat
2000,1000,964,0.964,12.093576,6.209,42,kongesti berat
2000,1000,976,0.976,12.101532,6.219,42,kongesti berat
2000,1000,964,0.964,12.331172,6.207,42,kongesti berat
2000,1000,976,0.976,11.861417,6.229,42,kongesti berat
2000,1000,976,0.976,12.093361,6.224,42,kongesti berat
2000,1000,964,0.964,12.097063,6.226,42,kongesti berat
2000,1000,976,0.976,12.093714,6.225,42,kongesti berat
2000,1000,976,0.976,12.098529,6.223,42,kongesti berat
2000,1000,964,0.964,12.098529,6.228,42,kongesti berat
2000,1000,976,0.976,12.092592,6.721,42,kongesti berat
2000,1000,964,0.964,12.097551,6.209,42,kongesti berat
2000,1000,976,0.976,12.097342,6.234,42,kongesti berat
2000,1000,976,0.976,12.121786,6.259,42,kongesti berat
2000,1000,964,0.964,12.068078,6.233,47,kongesti berat
2000,1000,976,0.976,12.113266,6.224,47,kongesti berat
2000,1000,964,0.964,12.076045,6.224,50,kongesti berat
2000,1000,976,0.976,12.102232,6.219,48,kongesti berat
2000,1000,976,0.976,12.120599,6.214,48,kongesti berat
2000,1000,964,0.964,12.063958,6.211,42,kongesti berat
2000,1000,976,0.976,12.097341,6.221,48,kongesti berat
2000,1000,976,0.976,12.096225,6.209,42,kongesti berat